,001e0610ba46,001e0610ba15,001e0610ee33,001e0610ee82,001e0610ef27,001e061135cb,001e06113ad8,001e06112e77,001e0610f6db,001e06113107,001e06114fd4,001e0610e539,001e0610f703,001e0610e835,001e0610eef2,001e0610ee43,001e0610f05c,001e0610e537,001e06109416,001e06114503,001e06113dbc,001e061144c0,001e06113cf1,001e06113acb,001e06113f54,001e06114500,001e0610ba13
2018-10-08 00:00:00,,,,,,,,,,,,,,,,,,,,,,,,,,,
2018-10-08 00:01:00,,,,,,,,,,,,,,,,,,,,,,,,,,,
2018-10-08 00:02:00,,,,,,,,,,,,,,,,,,,,0.10433,,,,,,,
2018-10-08 00:03:00,,,,,,,,,,,,,,,,,,,,,,,,,,,
2018-10-08 00:04:00,,,,,,,,,,,,,,,,,,,,,,,,,,,
2018-10-08 00:05:00,,,,,,,,,,,,,,,,,,,,,,,,,0.00058,,
2018-10-08 00:06:00,,,,,,,0.22543,,,,,,,,,,,,,,,,,,,,
2018-10-08 00:07:00,,,,,,,,,,,,,,,,,,,,,0.05256,,,0.15491,,,
2018-10-08 00:08:00,,,,,,,,,,,,,,,,,,,,,,,,,,,
2018-10-08 00:09:00,,,,,,,,,,,,,,,,,,,,,,,,,,,
2018-10-08 00:10:00,,,,,,,,,,,,,,,,,,,,,,,,,,,
2018-10-08 00:11:00,,,,,,,,,,,,,,,,,,,,,,,,,,,
2018-10-08 00:12:00,,,,,,,,,,,,,,,,,,,,,,,,,,,
2018-10-08 00:13:00,,,,,,,,,,,,,,,,,,,,,,,,,,,
2018-10-08 00:14:00,,,,,,,,,,,,,,,,,,,,,,,,,,,
2018-10-08 00:15:00,,,,,,,,,,,,,,,,,,,,,,,,,,,
2018-10-08 00:16:00,,,,,,,,,,,,,,,,,,,,,,,,,,,
2018-10-08 00:17:00,,,,,,,,,,,,,,,,,,,,,,,,0.05826,,,
2018-10-08 00:18:00,,,,,,,,,,,,,,,,,,,,,,,,,,,
2018-10-08 00:19:00,,,,,,,,,,,,,,,,,,,,,,,,,,,
2018-10-08 00:20:00,,,,,,,,,,,,,,,,,,,,,,,0.27487,,,,
2018-10-08 00:21:00,,,,,,,0.06606,,,,,,,,,,,,,,0.3685,,0.21297,,,,
2018-10-08 00:22:00,,,,,,,,,,,,,,,,,,,,,0.07859,,,,,,
2018-10-08 00:23:00,,,,,,,,,,,,,,,,,,,,,,,,,,,
2018-10-08 00:24:00,,,,,,,,,,,,,,,,,,,,,0.09027,,,,,,
2018-10-08 00:25:00,,,,,,,,,,,,,,,,,,,,,,,,,,,
2018-10-08 00:26:00,,,,,,,,,,,,,,,,,,,,,,,,,,,
2018-10-08 00:27:00,,,,,,,,,,,,,,,,,,,,,,,,,,,
2018-10-08 00:28:00,,,,,,,,,,,,,,,,,,,,,0.05308,,,,,,
2018-10-08 00:29:00,,,,,,,,,,,,,,,,,,,,,,,,,,,
2018-10-08 00:30:00,,,,,,,,,,,,,,,,,,,,,,,,,,,
2018-10-08 00:31:00,,,,,,,,,,,,,,,,,,,,,,,,,,,
2018-10-08 00:32:00,,,,,,,,,,,,,,,,,,,,,,,,,,,
2018-10-08 00:33:00,,,,,,,,,,,,,,,,,,,,,,,,,,,
2018-10-08 00:34:00,,,,,,,,,,,,,,,,,,,,,,,,,,,
2018-10-08 00:35:00,,,,,,,,,,,,,,,,,,,,,,,,,,,
2018-10-08 00:36:00,,,,,,,,,,,,,,,,,,,,,,,,,,,
2018-10-08 00:37:00,,,,,,,,,,,,,,,,,,,,,,,,,,,
2018-10-08 00:38:00,,,,,,,,,,,,,,,,,,,,,,,,,,,
2018-10-08 00:39:00,,,,,,,,,,,,,,,,,,,,,,,,,,,
2018-10-08 00:40:00,,,,,,,,,,,,,,,,,,,,,,,,,,,
2018-10-08 00:41:00,,,,,,,,,,,0.0185,,,,,,,,,,,,,0.02686,,,
2018-10-08 00:42:00,,,,,,,,,,,0.0266,,,,,,,,,,,,,,,,
2018-10-08 00:43:00,,,,,,,,,,,,,,,,,,,,,,,,,,,
2018-10-08 00:44:00,,,,,,,,,,,,,,,,,,,,,,,,,,,
2018-10-08 00:45:00,,,,,,,,,,,,,,,,,,,,,,,,0.10341,,,
2018-10-08 00:46:00,,,,,,,,,,,,,,,,,,,,,,,,0.03495,,,
2018-10-08 00:47:00,,,,,,,,,,,,,,,,,,,,,,,,,,,
2018-10-08 00:48:00,,,,,,,,,,,,,,,,,,,,,,,,0.0129,,,
2018-10-08 00:49:00,,,,,,,,,,,,,,,,,,,,,,,,,,,
2018-10-08 00:50:00,,,,,,,,,,,,,,,,,,,,,,,,,,,
2018-10-08 00:51:00,,,,,,,,,,,,,,,,,,,,,,,,,,,
2018-10-08 00:52:00,,,,,,,,,,,,,,,,,,,,,,,,,,,
2018-10-08 00:53:00,,,,,,,,,,,,,,,,,,,,,,,,,,,
2018-10-08 00:54:00,,,,,,,,,,,,,,,,,,,,,,,,,,,
2018-10-08 00:55:00,,,,,,,,,,,,,,,,,,,,,,,,,,,
2018-10-08 00:56:00,,,,,,,,,,,,,,,,,,,,,,,,,,,
2018-10-08 00:57:00,,,,,,,,,,,,,,,,,,,,,,,,,,,
2018-10-08 00:58:00,,,,,,,,,,,,,,,,,,,,,,,,,,,
2018-10-08 00:59:00,,,,,,,0.08398,,,,,,,,,,,,,,,,,,,,
2018-10-08 01:00:00,,,,,,,,,,,,,,,,,,,,,,,,,,,
2018-10-08 01:01:00,,,,,,,,,,,,,,,,,,,,,,,,,0.20503,,
2018-10-08 01:02:00,,,,,,,,,,,,,,,,,,,,,,,,,,,
2018-10-08 01:03:00,,,,,,,,,,,,,,,,,,,,,,,,,,,
2018-10-08 01:04:00,,,,,,,,,,,,,,,,,,,,,,,,,,,
2018-10-08 01:05:00,,,,,,,,,,,,,,,,,,,,,,,,,,,
2018-10-08 01:06:00,,,,,,,,,,,,,,,,,,,,,,,,,,0.14736,
2018-10-08 01:07:00,,,,,,,0.27983,,,,,,,,,,,,,,0.17879,,,,,0.15379,
2018-10-08 01:08:00,,,,,,,0.52656,,,,,,,,,,,,,,,,,,,,
2018-10-08 01:09:00,,,,,,,,,,,,,,,,,,,,,,,,,,,
2018-10-08 01:10:00,,,,,,,,,,,,,,,,,,,,,,,,,,,
2018-10-08 01:11:00,,,,,,,,,,,,,,,,,,,,,,,,,,,
2018-10-08 01:12:00,,,,,,,,,,,,,,,,,,,,,,,,,,,
2018-10-08 01:13:00,,,,,,,,,,,,,,,,,,,,,,,,,,,
2018-10-08 01:14:00,,,,,,,,,,,,,,,,,,,,,,,,,,,
2018-10-08 01:15:00,,,,,,,,,,,,,,,,,,,,,,,,,,,
2018-10-08 01:16:00,,,,,,,,,,,0.08428,,,,,,,,,,,,,,,,
2018-10-08 01:17:00,,,,,,,,,,,,,,,,,,,,,,,,,,,
2018-10-08 01:18:00,,,,,,,,,,,,,,,,,,,,,,,,,,,
2018-10-08 01:19:00,,,,,,,,,,,,,,,,,,,,,,,,,,,
2018-10-08 01:20:00,,,,,,,,,,,0.08606,,,,,,,,,,,,,,,,
2018-10-08 01:21:00,,,,,,,,,,,,,,,,,,,,,,,,,,0.01335,
2018-10-08 01:22:00,,,,,,,,,,,0.28409,,,,,,,,,,,,,,,,
2018-10-08 01:23:00,,,,,,,,,,,,,,,,,,,,,,,,,,,
2018-10-08 01:24:00,,,,,,,,,,,,,,,,,,,,,,,,,,,
2018-10-08 01:25:00,,,,,,,,,,,,,,,,,,,,,,,,,,,
2018-10-08 01:26:00,,,,,,,,,,,,,,,,,,,,,,,,,,,
2018-10-08 01:27:00,,,,,,,0.29295,,,,,,,,,,,,,,,,,,,,
2018-10-08 01:28:00,,,,,,,,,,,,,,,,,,,,,,,,,,,
2018-10-08 01:29:00,,,,,,,,,,,,,,,,,,,,,,,,,,,
2018-10-08 01:30:00,,,,,,,0.06855,,,,,,,,,,,,,,0.40134,,,,,,
2018-10-08 01:31:00,,,,,,,,,,,,,,,,,,,,,0.28577,,,,,,
2018-10-08 01:32:00,,,,,,,,,,,,,,,,,,,,,0.01495,,,0.03068,,,
2018-10-08 01:33:00,,,,,,,,,,,,,,,,,,,,,0.00602,,,,,,
2018-10-08 01:34:00,,,,,,,,,,,,,,,,,,,,,,,,,,,
2018-10-08 01:35:00,,,,,,,,,,,,,,,,,,,,,0.04923,,,,,,
2018-10-08 01:36:00,,,,,,,,,,,,,,,,,,,,,,,,,,,
2018-10-08 01:37:00,,,,,,,,,,,,,,,,,,,,,,,,,,,
2018-10-08 01:38:00,,,,,,,,,,,,,,,,,,,,,,,,,,,
2018-10-08 01:39:00,,,,,,,,,,,,,,,,,,,,,,,,,,,
2018-10-08 01:40:00,,,,,,,,,,,,,0.32179,,,,,,,,0.05995,,,,,,
2018-10-08 01:41:00,,,,,,,,,,,,,0.59091,,,,,,,,,,,,,,
2018-10-08 01:42:00,,,,,,,,,,,,,,,,,,,,,,,,,,,
2018-10-08 01:43:00,,,,,,,,,,,,,,,,,,,,,,,,,,,
2018-10-08 01:44:00,,,,,,,,,,,,,,,,,,,,,,,,,,,
2018-10-08 01:45:00,,,,,,,,,,,,,,,,,,,,,,,,,,,
2018-10-08 01:46:00,,,,,,,,,,,,,,,,,,,,,0.02891,,,0.18005,,,
2018-10-08 01:47:00,,,,,,,,,,,,,,,,,,,,,0.12027,,,,,,
2018-10-08 01:48:00,,,,,,,,,,,,,,,,,,,,,,,,,,,
2018-10-08 01:49:00,,,,,,,,,,,,,,,,,,,,,,,,,,,
2018-10-08 01:50:00,,,,,,,,,,,,,,,,,,,,,,,,,,,
2018-10-08 01:51:00,,,,,,,,,,,,,,,,,,,,,,,,,,,
2018-10-08 01:52:00,,,,,,,,,,,,,,,,,,,,,,,,,,,
2018-10-08 01:53:00,,,,,,,,,,,,,,,,,,,,,,,,,,,
2018-10-08 01:54:00,,,,,,,,,,,,,,,,,,,,,,,,,,,
2018-10-08 01:55:00,,,,,,,,,,,,,,,,,,,,,,,,,,,
2018-10-08 01:56:00,,,,,,,,,,,,,,,,,,,,,,,,,,,
2018-10-08 01:57:00,,,,,,,,,,,,,,,1.04956,,,,,,,,,,,,
2018-10-08 01:58:00,,,,,,,,,,,,,,,0.53409,,,,,,,,,,,,
2018-10-08 01:59:00,,,,,,,,,,,,,,,,,,,,,,,,,,,
2018-10-08 02:00:00,,,,,,,,,,,,,,,,,,,,,0.03612,,,,,,
2018-10-08 02:01:00,,,,,,,,,,,,,,,,,,,,,0.0107,,,,,,
2018-10-08 02:02:00,,,,,,,,,,,,,,,,,,,,,,,,,,,
2018-10-08 02:03:00,,,,,,,,,,,,,,,,,,,,,0.04047,,,,,,
2018-10-08 02:04:00,,,,,,,,,,,,,,,,,,,,,,,,,,,
2018-10-08 02:05:00,,,,,,,,,,,,,,,,,,,,,,,,,,,
2018-10-08 02:06:00,,,,,,,,,,,,,,,,,,,,,,,,,,,
2018-10-08 02:07:00,,,,,,,,,,,,,,,,,,,,,,,,,,,
2018-10-08 02:08:00,,,,,,,,,,,0.48624,,,,,,,,,,,,,,,,
2018-10-08 02:09:00,,,,,,,,,,,,,,,,,,,,,,,,,,,
2018-10-08 02:10:00,,,,,,,,,,,,,,,,,,,,,,,,,,,
2018-10-08 02:11:00,,,,,,,,,,,,,,,,,,,,,,,,,,,
2018-10-08 02:12:00,,,,,,,,,,,,,,,,,,,,,0.02586,,,,,,
2018-10-08 02:13:00,,,,,,,,,,,,,,,,,,,,,,,,,,,
2018-10-08 02:14:00,,,,,,,,,,,,,,,,,,,,,,,,,,,
2018-10-08 02:15:00,,,,,,,,,,,,,,,,,,,,,,,,,,,
2018-10-08 02:16:00,,,,,,,,,,,,,,,,,,,,,,,,,,,
2018-10-08 02:17:00,,,,,,,,,,,,,,,,,,,,,,,,,,,
2018-10-08 02:18:00,,,,,,,,,,,,,,,,,,,,,,,,,,,
2018-10-08 02:19:00,,,,,,,,,,,,,,,,,,,,,,,,,,,
2018-10-08 02:20:00,,,,,,,0.01878,,,,,,,,,,,,,,,,,,,,
2018-10-08 02:21:00,,,,,,,,,,,,,,,,,,,,,,,,,0.02437,,
2018-10-08 02:22:00,,,,,,,,,,,,,,,,,,,,,,,,,,,
2018-10-08 02:23:00,,,,,,,,,,,,,,,,,,,,,,,,,,,
2018-10-08 02:24:00,,,,,,,,,,,,,,,,,,,,,,,,,,,
2018-10-08 02:25:00,,,,,,,,,,,,,,,,,,,,,,,,0.02508,,,
2018-10-08 02:26:00,,,,,,,,,,,,,,,,,,,,,,,,,,,
2018-10-08 02:27:00,,,,,,,,,,,,,,,,,,,,,,,,,,,
2018-10-08 02:28:00,,,,,,,,,,,,,,,,,,,,,,,,0.12713,,,
2018-10-08 02:29:00,,,,,,,,,,,,,,,,,,,,,,,,,,,
2018-10-08 02:30:00,,,,,,,,,,,,,,,,,,,,,,,,,,,
2018-10-08 02:31:00,,,,,,,,,,,,,,,,,,,,,,,,,,,
2018-10-08 02:32:00,,,,,,,,,,,,,,,,,,,,,,,,,,,
2018-10-08 02:33:00,,,,,,,,,,,,,,,,,,,,,,,,,,,
2018-10-08 02:34:00,,,,,,,,,,,,,,,,,,,,,,,,,,,
2018-10-08 02:35:00,,,,,,,,,,,,,,,,,,,,,,,,,,,
2018-10-08 02:36:00,,,,,,,,,,,,,,,,,,,,,,,,,,,
2018-10-08 02:37:00,,,,,,,,,,,,,,,,,,,,,,,,,,,
2018-10-08 02:38:00,,,,,,,,,,,,,,,,,,,,,,,,,,,
2018-10-08 02:39:00,,,,,,,,,,,,,,,,,,,,,,,,0.03433,,,
2018-10-08 02:40:00,,,,,,,,,,,,,,,,,,,,,,,,,,,
2018-10-08 02:41:00,,,,,,,,,,,,,,,,,,,,,,,,,,,
2018-10-08 02:42:00,,,,,,,,,,,,,,,,,,,,,,,,,,,
2018-10-08 02:43:00,,,,,,,,,,,,,,,,,,,,,,,,,,,
2018-10-08 02:44:00,,,,,,,,,,,,,,,,,,,,,,,,,,,
2018-10-08 02:45:00,,,,,,,,,,,,,,,,,,,,,,,,,,,
2018-10-08 02:46:00,,,,,,,,,,,,,,,,,,,,,,,,,,,
2018-10-08 02:47:00,,,,,,,,,,,,,,,,,,,,,,,,0.47882,,,
2018-10-08 02:48:00,,,,,,,,,,,,,,,,,,,,,,,,,,,
2018-10-08 02:49:00,,,,,,,,,,,,,,,,,,,,,,,,,,,
2018-10-08 02:50:00,,,,,,,,0.38658,,,,,,,,,,,,,,,,,,,
2018-10-08 02:51:00,,,,,,,,,,,,,,,,,,,,,,,,,,,
2018-10-08 02:52:00,,,,,,,,,,,,,,,,,,,,,,,,,,,
2018-10-08 02:53:00,,,,,,,,,,,,,,,,,,,,,,,,,,,
2018-10-08 02:54:00,,,,,,,,,,,,,,,,,,,,,,,,,,,
2018-10-08 02:55:00,,,,,,,,,,,,,,,,,,,,,,,,0.00707,,,
2018-10-08 02:56:00,,,,,,,,,,,,,,,,,,,,,0.0243,,,0.06002,,,
2018-10-08 02:57:00,,,,,,,,,,,,,,,,,,,,,,,,0.04671,,,
2018-10-08 02:58:00,,,,,,,,,,,,,,,,,,,,,,,,0.04667,,,
2018-10-08 02:59:00,,,,,,,,,,,,,,,,,,,,,,,,,,,
2018-10-08 03:00:00,,,,,,,,,,,,,,,,,,,,,,,,,,,
2018-10-08 03:01:00,,,,,,,,,,,,0.11978,,,,,,,,,,,,,,,
2018-10-08 03:02:00,,,,,,,,,,,,,,,,,,,,,,,,,,,
2018-10-08 03:03:00,,,,,,,,,,,,,,,,,,,,,,,,,,,
2018-10-08 03:04:00,,,,,,,,,,,,,,,,,,,,,,,,,,,
2018-10-08 03:05:00,,,,,,,,,,,,,,,,,,,,,0.22782,,,,,,
2018-10-08 03:06:00,,,,,,,,,,,,,,,,,,,,,,,,,,,
2018-10-08 03:07:00,,,,,,,,,,,,,,,,,,,,,,,,,,,
2018-10-08 03:08:00,,,,,,,,,,,,,,,,,,,,,,,,,,,
2018-10-08 03:09:00,,,,,,,,,,,,,,,,,,,,,,,,,,,
2018-10-08 03:10:00,,,,,,,,,,,,,,,,,,,,,,,0.10343,,,,
2018-10-08 03:11:00,,,,,,,,,,,,,,,,,,,,,,,0.23037,,,,
2018-10-08 03:12:00,,,,,,,,,,,,,,,,,,,,,,,,,,,
2018-10-08 03:13:00,,,,,,,,,,,,,,,,,,,,,,,,0.09146,,,
2018-10-08 03:14:00,,,,,,,,,,,,,,,,,,,,,,,,0.17472,,,
2018-10-08 03:15:00,,,,,,,,,,,,,,,,,,,,,,,,,,,
2018-10-08 03:16:00,,,,,,,,,,,,,,,,,,,,,,,,,,,
2018-10-08 03:17:00,,,,,,,,,,,,,,,,,,,,,,,,,,,
2018-10-08 03:18:00,,,,,,,,,,,,,,,,,,,,,,,,0.02414,,,
2018-10-08 03:19:00,,,,,,,,,,,,,,,,,,,,,,,0.12547,0.02178,,,
2018-10-08 03:20:00,,,,,,,,,,,,,,,,,,,,,,,,,,,
2018-10-08 03:21:00,,,,,,,,,,,,,,,,,,,,,,,,,,,
2018-10-08 03:22:00,,,,,,,,,,,,,,,,,,,,,,,,,,,
2018-10-08 03:23:00,,,,,,,,,,,,,,,,,,,,,,,,,,,
2018-10-08 03:24:00,,,,,,,,,,,,,,,,,,,,,,,,,,,
2018-10-08 03:25:00,,,,,,,,,,,,,,,,,,,,,,,,,,,
2018-10-08 03:26:00,,,,,,,,,,,,,,,,,,,,,,,,,,,
2018-10-08 03:27:00,,,,,,,,,,,,,,,,,,,,,,,,,,,
2018-10-08 03:28:00,,,,,,,,,,,,,,,,,,,,,,,,,,,
2018-10-08 03:29:00,,,,,,,,,,,,,,,,,,,,,,,0.05395,,,,
2018-10-08 03:30:00,,,,,,,,,,,,,,,0.02419,,,,,,,,0.12368,,,,
2018-10-08 03:31:00,,,,,,,,,,,,,,,0.66446,,,,,,,,,,,,
2018-10-08 03:32:00,,,,,,,,,,,,,,,0.103,,,,,,,,,,,,
2018-10-08 03:33:00,,,,,,,,,,,,,,,,,,,,,,,,,,,
2018-10-08 03:34:00,,,,,,,,,,,,,,,,,,,,,,,,,,,
2018-10-08 03:35:00,,,,,,,,,,,,,,,,,,,,,,,,,,,
2018-10-08 03:36:00,,,,,,,,,,,,,,,,,,,,0.09808,,,,,,,
2018-10-08 03:37:00,,,,,,,,,,,,,,,,,,,,,,,,,,,
2018-10-08 03:38:00,,,,,,,,,,,,,,,,,,,,0.08456,,,,,,,
2018-10-08 03:39:00,,,,,,,,,,,,,,,,,,,,0.07583,,,,,,,
2018-10-08 03:40:00,,,,,,,,,,,,,,,,,,,,0.64518,,,,,,,
2018-10-08 03:41:00,,,,,,,,,,,,,,,,,,,,0.44562,,,,,,,
2018-10-08 03:42:00,,,,,,,,,,,,,,,,,,,,0.75493,,,,0.03117,,,
2018-10-08 03:43:00,,,,,,,,,,,,,,,,,,,,,,,,,,,
2018-10-08 03:44:00,,,,,,,,,,,,,,,,,,,,,,,,,,,
2018-10-08 03:45:00,,,,,,,,,,,,0.152,,,,,,,,,,,,,,,
2018-10-08 03:46:00,,,,,,,,,,,,,,,,,,,,,,,,,,,
2018-10-08 03:47:00,,,,,,,,,,,,,,,,,,,,,,,,,,,
2018-10-08 03:48:00,,,,,,,,,,,,,,,,,,,,,,,,,,,
2018-10-08 03:49:00,,,,,,,,,,,,,,,,,,,,,,,,,,,
2018-10-08 03:50:00,,,,,,,,,,,,,,,,,,,,,,,,0.04009,,,
2018-10-08 03:51:00,,,,,,,,,,,,,,,,,,,,,0.04075,,,,,,
2018-10-08 03:52:00,,,,,,,,,,,,,,,,,,,,,,,,,,,
2018-10-08 03:53:00,,,,,,,,,,,,,,,,,,,,,,,,,,,
2018-10-08 03:54:00,,,,,,,,,,,,,,,,,,,,,,,,,,,
2018-10-08 03:55:00,,,,,,,,,,,,,,,,,,,,,0.07923,,,,,,
2018-10-08 03:56:00,,,,,,,,,,,,,,,,,,,,,,,,,,,
2018-10-08 03:57:00,,,,,,,,,,,,,,,,,,,,,,,0.13106,,,0.34224,
2018-10-08 03:58:00,,,,,,,,,,,,,,,,,,,,,,,0.41201,,,,
2018-10-08 03:59:00,,,,,,,,,,,,,,,,,,,,,,,,,0.17773,,
2018-10-08 04:00:00,,,,,,,,,,,,,,,,,,,,,,,,,0.31958,,
2018-10-08 04:01:00,,,,,,,,,,,,,,,,,,,,,,,,,,,
2018-10-08 04:02:00,,,,,,,,,,,,,,,,,,,,,,,0.03302,,0.68648,0.23356,
2018-10-08 04:03:00,,,,,,,,,,,,,,,,,,,,,0.01341,,0.01967,,0.12799,0.02808,
2018-10-08 04:04:00,,,,,,,,,,,,,,,,,0.21121,,,,,,,,,,
2018-10-08 04:05:00,,,,,,,,,,,,,,,,,0.05418,,,,,,,,,,
2018-10-08 04:06:00,,,,,,,,,,,,,,,,,,,,,0.04301,,,,,0.20142,
2018-10-08 04:07:00,,,,,,,,,,,,,,,,,,,,,,,0.32732,,,,
2018-10-08 04:08:00,,,,,,,,,,,,,,,,,,,,,,,0.03989,0.21643,,,
2018-10-08 04:09:00,,,,,,,,,,,,,,,,,,,,,,,0.49676,,,,
2018-10-08 04:10:00,,,,,,,,,,,,,,,,,,,,,,,0.38582,0.05724,,,
2018-10-08 04:11:00,,,,,,,,,,,,,,,,,,,,,,,,,,0.19338,
2018-10-08 04:12:00,,,,,,,,,,,,,,,,,,,,,,,,,,,
2018-10-08 04:13:00,,,,,,,,,,,,,,,,,,,,,0.0798,,0.24986,,,,
2018-10-08 04:14:00,,,,,,,,,,,,,,,,,,,,,,,1.08071,,0.04033,,
2018-10-08 04:15:00,,,,,,,,,,,,,,,,,,,,,0.15632,,,,0.8212,,
2018-10-08 04:16:00,,,,,,,,,,,,,,,,,,,,,,,,,0.66395,,
2018-10-08 04:17:00,,,,,,,,,,,,,,,,,,,,,0.00817,,0.96027,,0.71894,,
2018-10-08 04:18:00,,,,,,,,,,,,,,,,,,,,,0.19073,,9.05274,,,,
2018-10-08 04:19:00,,,,,,,,,,,,,,,,,,,,,,,6.68745,,,,
2018-10-08 04:20:00,,,,,,,,,,,,,,,,,,,,,,,0.99157,,,,
2018-10-08 04:21:00,,,,,,,,,,,,,,,,,,,,,0.06824,,5.99812,0.15349,0.0218,0.00338,
2018-10-08 04:22:00,,,,,,,,,,,,,,,,,,,,,,,3.83799,0.18905,,0.47772,
2018-10-08 04:23:00,,,,,,,,,,,,,,,,,,,,,0.06488,,0.64882,,,0.05785,
2018-10-08 04:24:00,,,,,,,,,,,,,,,,,,,,,0.14354,,0.25889,,,,
2018-10-08 04:25:00,,,,,,,,,,,,,,,,,,,,,0.05359,,1.29982,,,0.51154,
2018-10-08 04:26:00,,,,,,,0.30825,,,,,,,,,,,,,,0.05462,,4.89954,,,,
2018-10-08 04:27:00,,,,,,,,,,,,,,,,,,,,,,,3.00823,,,0.00307,
2018-10-08 04:28:00,,,,,,,,,,,,,,,,,,,,,0.02037,,1.78716,0.05139,,,
2018-10-08 04:29:00,,,,,,,,,,,,,,,,,,,,,0.14505,,0.26674,,,,
2018-10-08 04:30:00,,,,,,,,,,,,,,,,,,,,,,,1.39293,0.00895,,0.22859,
2018-10-08 04:31:00,,,,,,,,,,,,,,,,,,,,,,,2.98606,,,,
2018-10-08 04:32:00,,,,,,,,,,,,,,,,,,,,,0.06427,,0.40993,,,,
2018-10-08 04:33:00,,,,,,,,,,,,,,,,,,,,,0.13711,,,,,,
2018-10-08 04:34:00,,,,,,,,,,,,,,,,,,,,,,,0.24032,,,,
2018-10-08 04:35:00,,,,,,,,,,,,,,,,,,,,,0.02806,,0.39394,,,0.47728,
2018-10-08 04:36:00,,,,,,,,,,,,,,,,,,,,,0.18903,,0.87724,,,0.09722,
2018-10-08 04:37:00,,,,,,,,,,,,,,,,,,,,,0.35836,,0.60274,,,,
2018-10-08 04:38:00,,,,,,,,,,,,,,,,,,,,,0.26668,,1.73454,0.01275,,,
2018-10-08 04:39:00,,,,,,,,,,,,,,,,,,,,,0.119,,1.43569,,,,
2018-10-08 04:40:00,,,,,,,,,,,,,,,,,,,,,0.02695,,0.74797,,0.17617,,
2018-10-08 04:41:00,,,,,,,,,,,,,,,,,,,,,0.32168,,0.80615,,,,
2018-10-08 04:42:00,,,,,,,,,,,,,,,,,,,,,0.02016,,1.48043,,,,
2018-10-08 04:43:00,,,,,,,,,,,,,,,,,,,,,0.20017,,2.48113,,,,
2018-10-08 04:44:00,,,,,,,,,,,,,,,,,,,,,,,1.90233,,,,
2018-10-08 04:45:00,,,,,,,,,,,,,,,,,,,,,0.07105,,1.63592,,,,
2018-10-08 04:46:00,,,,,,,,,,,,,,,,,,,,,,,0.91282,,,,
2018-10-08 04:47:00,,,,,,,,,,,,,,,,,,,,,,,0.93346,,,,
2018-10-08 04:48:00,,,,,,,,,,,,,,,,,,,,,0.1164,,1.21479,,,,
2018-10-08 04:49:00,,,,,,,,,,,,,,,,,,,,,,,1.10526,,,0.21701,
2018-10-08 04:50:00,,,,,,,,,,,,,,,,,,,,,,,1.07341,,,,
2018-10-08 04:51:00,,,,,,,,,,,,,,,,,,,,,,,2.33157,,,,
2018-10-08 04:52:00,,,,,,,,,,,,,,,,,,,,,,,1.83846,,0.0334,,
2018-10-08 04:53:00,,0.10632,,,,,,,,,,,,,,,,,,,,,1.69082,,0.11495,,
2018-10-08 04:54:00,,3.92917,,,,,,,,,,,,,,,,,,,,,1.36314,,,,
2018-10-08 04:55:00,,0.49846,,,,,,,,,,,,,,,,,,,,,0.55248,,0.10064,,
2018-10-08 04:56:00,,,,,,,,,,,,,,,,,,,,,,,0.65009,,0.24108,,
2018-10-08 04:57:00,,,,,,,,,,,,,,,,,,,,,,,1.25854,,0.38438,,
2018-10-08 04:58:00,,,,,,,,,,,,,,,,,,,,,,,1.93804,,,,
2018-10-08 04:59:00,,,,,,,,,,,,,,,,,,,,,,,1.29696,,,,
2018-10-08 05:00:00,,,,,,,,,,,,,,,,,,,,,,,0.14464,,,,
2018-10-08 05:01:00,,,,,,,,,,,,,,,,,,,,,,,0.02358,,,,
2018-10-08 05:02:00,,,,,,,,,,,,,,,,,,,,,,,0.39527,,0.41655,,
2018-10-08 05:03:00,,,,,,,,,,,,,,,,,,,,,,,0.976,,0.40373,,
2018-10-08 05:04:00,,,,,,,,,,,,,,,,,,,,,,,1.05164,,0.01722,,
2018-10-08 05:05:00,,,,,,,,,,,,,,,,,,,,,,,,,,,
2018-10-08 05:06:00,,,,,,,,,,,,,,,,,,,,,,,0.41925,,,,
2018-10-08 05:07:00,,,,,,,,,,,,,,,,,,,,,,,0.75054,,,,
2018-10-08 05:08:00,,,,,,,,,,,,,,,,,,,,,,,1.20191,,0.19226,,
2018-10-08 05:09:00,,,,,,,,,,,,,,,,,,,,,,,0.40241,,0.37513,,
2018-10-08 05:10:00,,,,,,,,,,,,,,,,,,,,,,,0.60025,,0.19427,,
2018-10-08 05:11:00,,,,,,,,,,,,,,,,,,,,,,,1.55367,,0.11407,,
2018-10-08 05:12:00,,,,,,,,,,,,,,,,,,,,,,,0.05922,,,,
2018-10-08 05:13:00,,,,,,,,,,,,,,,,,,,,,,,0.71406,0.05344,,,
2018-10-08 05:14:00,,,,,,,,,,,,,,,,,,,,,,,0.90374,0.04566,0.29698,,
2018-10-08 05:15:00,,,,,,,,,,,,,,,,,,,,,,,1.41158,,0.01479,,
2018-10-08 05:16:00,,,,,,,,,,,,,,,,,,,,,,,0.51755,,0.12593,,
2018-10-08 05:17:00,,,,,,,,,,,,,,,,,,,,,,,1.14905,,,,
2018-10-08 05:18:00,,,,,,,,,,,,,,,,,,,,,,,0.73825,,,,
2018-10-08 05:19:00,,,,,,,,,,,,,,,,,,,,,,,0.75261,,,,
2018-10-08 05:20:00,,,,,,,,,,,,,,,,,,,,,,,0.78831,,,,
2018-10-08 05:21:00,,,,,,,,,,,,,,,,,,,,,,,0.82959,0.01469,,,
2018-10-08 05:22:00,,,,,,,,,,,,,,,,,,,,,,,0.24793,0.02842,,,
2018-10-08 05:23:00,,,,,,,,,,,,,,,,,,,,,,,0.07482,,,,
2018-10-08 05:24:00,,,,,,,,,,,,,,,,,,,,,,,,,,,
2018-10-08 05:25:00,,,,,,,,,,,,,,,,,,,,,,,0.18445,,,,
2018-10-08 05:26:00,,,,,,,,,,,,,,,,,,,,,,,0.15302,,,,
2018-10-08 05:27:00,,,,,,,,,,,,,,,,,,,,,,,0.02359,,,,
2018-10-08 05:28:00,,,,,,,,,,,,,,,,,0.18449,,,,,,,,,,
2018-10-08 05:29:00,,,,,,,,,,,,,,,,,,,,,,,,,,,
2018-10-08 05:30:00,,,,,,,,,,,,,,,,,,,,,,,,,,,
2018-10-08 05:31:00,,,,,,,,,,,0.03549,,,,,,,,,,,,,,,,
2018-10-08 05:32:00,,,,,,,,,,,,,,,,,,,,,,,,,,,
2018-10-08 05:33:00,,,,,,,,,,,,,,,,,,,,,,,,,,,
2018-10-08 05:34:00,,,,,,,,,,,,,,,,,,,,,,,,,,,
2018-10-08 05:35:00,,,,,,,,,,,,,,,,,,,,,,,,,,,
2018-10-08 05:36:00,,,,,,,,,,,,,,,,,,,,,,,,0.02581,,,
2018-10-08 05:37:00,,,,,,,,,,,,,,,,,,,,,,,,,,,
2018-10-08 05:38:00,,,,,,,,,,,,,,,,,,,,,,,,,,,
2018-10-08 05:39:00,,,,,,,,,,,,,,,,,,,,,,,,,,,
2018-10-08 05:40:00,,,,,,,,,,0.07061,,,,,,,,,,,,,,,,,
2018-10-08 05:41:00,,,,,,,,,,,,,,,,,,,,,,,,,,,
2018-10-08 05:42:00,,,,,,,,,,,,,,,,,,,,,0.004,,,0.01282,,,
2018-10-08 05:43:00,,,,,,,,,,,,,,,,,,,,,0.06699,,,,,,
2018-10-08 05:44:00,,,,,,,,,,,,,,,,,,,,,,,,,,,
2018-10-08 05:45:00,,,,,,,,,,,,,,,,,,,,,,,,,,,
2018-10-08 05:46:00,,,,,,,,,,,0.0529,,,,,,,,,,,,,,,,
2018-10-08 05:47:00,,,,,,,,,,0.72834,,,,,,,,,,,,,0.21373,,,,
2018-10-08 05:48:00,,,,,,,,,,0.11386,,,,,,,,,,,,,,,,,
2018-10-08 05:49:00,,,,,,,,,,,,,,,,,,,,,,,,,,,
2018-10-08 05:50:00,,,,,,,,,,,,,,,,,,,,,,,,0.34213,,,
2018-10-08 05:51:00,,,,,,,,,,,,,,,,,,,,,,,0.04632,0.1329,,,
2018-10-08 05:52:00,,,,,,,,,,,0.05775,,,,,,,,,,,,,0.23567,,,
2018-10-08 05:53:00,,,,,,,,,,,,,,,,,,,,,,,,0.18296,,,
2018-10-08 05:54:00,,,,,,,,,,,,,,,,,,,,,,,0.00173,0.24002,,,
2018-10-08 05:55:00,,,,,,,,,,,,,,,,,,,,,0.08396,,,0.1468,,,
2018-10-08 05:56:00,,,,,,,,,,,,,,,,,,,,,,,0.02144,0.02151,,,
2018-10-08 05:57:00,,,,,,,,,,,,,,,,,,,,,,,,,,,
2018-10-08 05:58:00,,,,,,,,,,,,,,,,,,,,,,,,0.1152,,,
2018-10-08 05:59:00,,,,,,,,,,,,,,,,,,,,,,,,,,,
2018-10-08 06:00:00,,,,,,,,,,,,,,,,,,,,,,,,0.05104,,,
2018-10-08 06:01:00,,,,,,,,,,,,,,,,,,,,,,,,,,,
2018-10-08 06:02:00,,,,,,,,,,,,,,,,,,,,,,,0.12265,,,,
2018-10-08 06:03:00,,,,,,,0.23286,,,,0.01303,,,,,,,,,,,,0.03633,,,,
2018-10-08 06:04:00,,,,,,,,,,,,,,,,,,,,,,,,0.07538,,,
2018-10-08 06:05:00,,,,,,,,,,,,,,,,,,,,,,,,0.05062,,,
2018-10-08 06:06:00,,,,,,,,,,,,,,,,,,,,,,,0.03673,0.17696,,,
2018-10-08 06:07:00,,,,,,,,,,,0.18425,,,,,,,,,,,,0.06604,0.23966,,,
2018-10-08 06:08:00,,,,,,,,,,,0.08527,,,,,,,,,,,,,,,,
2018-10-08 06:09:00,,,,,,,,,,,,,,,,,,,,,,,,,,,
2018-10-08 06:10:00,,,,,,,0.07027,,,,,,,,,,,,,,,,0.00221,0.03265,,,
2018-10-08 06:11:00,,,,,,,,,,,0.02455,,,,,,,,,,,,,0.3918,,,
2018-10-08 06:12:00,,,,,,,,,,,0.20775,,,,,,,,,,,,,0.05251,,,
2018-10-08 06:13:00,,,,,,,,,,,,,,,,,,,,,,,0.18598,0.0762,,,
2018-10-08 06:14:00,,,,,,,,,,,,,,,,,,,,,,,0.19826,0.00119,,,
2018-10-08 06:15:00,,,,,,,,,,,,,,,,,,,,,,,,,,,
2018-10-08 06:16:00,,,,,,,,,,,,,,,,,,,,,,,0.01299,,,,
2018-10-08 06:17:00,,,,,,,,,,,,,,,,,,,,,0.02031,,0.08181,0.17728,,,
2018-10-08 06:18:00,,,,,,,0.145,,,,,,,,,,,,,,,,,0.5495,,,
2018-10-08 06:19:00,,,,,,,,,,,0.00888,,,,,,,,,,,,,0.43888,,,
2018-10-08 06:20:00,,,,,,,,,,,0.05519,,,,,,,,,,,,0.12816,0.6145,,,
2018-10-08 06:21:00,,,,,,,,,,,0.0159,,,,,,,,,,,,0.10416,,,,
2018-10-08 06:22:00,,,,,,,,,,,0.05524,,,,,,,,,,,,,0.02111,,,
2018-10-08 06:23:00,,,,,,,,,,,,,,,,,,,,,,,,0.31365,,,
2018-10-08 06:24:00,,,,,,,,,,,,,,,,,,,,,,,0.08475,0.10239,,,
2018-10-08 06:25:00,,,,,,,,,,,,,,,,,,,,,,,,0.52038,,,
2018-10-08 06:26:00,,,,,,,,,,,,,,,,,,,,,0.07283,,0.22228,0.32673,,,
2018-10-08 06:27:00,,,,,,,,,,,,,,,,,,,,,,,,0.31912,,,
2018-10-08 06:28:00,,,,,,,,,,,,,,,,,,,,,,,,0.27309,,,
2018-10-08 06:29:00,,,,,,,,,,,,,,,,,,,,,,,0.06468,0.51594,,,
2018-10-08 06:30:00,,,,,,,,,,,,,,,,,,,,,,,,0.10927,,,
2018-10-08 06:31:00,,,,,,,,,,,,,,,,,,,,,,,,,,,
2018-10-08 06:32:00,,,,,,,,,,,,,,,,,,,,,0.0795,,,0.20008,,,
2018-10-08 06:33:00,,,,,,,,,,,,,,,,,,,,,,,,0.36687,,,
2018-10-08 06:34:00,,,,,,,,,,,,,,,,,,,,,,,,0.06638,,,
2018-10-08 06:35:00,,,,,,,,,,,,,,,,,,,,,,,,0.04773,,,
2018-10-08 06:36:00,,,,,,,,,,,,,,,,,,,,,,,,,,,
2018-10-08 06:37:00,,,,,,,,,,,,,,,,,,,,,,,,0.10211,,,
2018-10-08 06:38:00,,,,,,,,,,,,,,,,,,,,,,,,,,,
2018-10-08 06:39:00,,,,,,,,,,,,,,,,,,,,,,,0.13546,0.34462,,,
2018-10-08 06:40:00,,,,,,,,,,,,,,,,,,,,,,,,,,,
2018-10-08 06:41:00,,,,,,,,,,,,,,,,,,,,,,,,,,,
2018-10-08 06:42:00,,,,,,,,,,,,,,,,,,,,,,,,,,,
2018-10-08 06:43:00,,,,,,,,,,,,,,,,,,,,,,,,,,,
2018-10-08 06:44:00,,,,,,,,,,,,,,,,,,,,,,,,,,,
2018-10-08 06:45:00,,,,,,,0.0305,,,,,,,,,,,,,,,,,,,,
2018-10-08 06:46:00,,,,,,,0.06732,,,,,,,,,,,,,,,,,,,,
2018-10-08 06:47:00,,,,,,,,,,,0.18868,,,,,,,,,,,,,,,,
2018-10-08 06:48:00,,,,,,,,,,,,,,,,,,,,,,,,,,,
2018-10-08 06:49:00,,,,,,,,,,,0.01902,,,,,,,,,,,,,,,,
2018-10-08 06:50:00,,,,,,,,,,,,,,,,,,,,,,,,,,,
2018-10-08 06:51:00,,,,,,,,,,,,,,,,,,,,,,,,,,,
2018-10-08 06:52:00,,,,,,,,,,,,,,,,,,,,,,,,0.00346,,,
2018-10-08 06:53:00,,,,,,,,,,,,,,,,,,,,,,,0.19648,,,,
2018-10-08 06:54:00,,,,,,,,,,,,,,,,,,,,,,,0.27883,,,,
2018-10-08 06:55:00,,,,,,,,,,,,,,,,,,,,,,,0.03308,,,,
2018-10-08 06:56:00,,,,,,,,,,,,,,,,,,,,,,,0.21517,,,,
2018-10-08 06:57:00,,,,,,,,,,,,,,,,,,,,,,,0.24234,,,,
2018-10-08 06:58:00,,,,,,,,,,,,,,,,,,,,,,,0.3205,,,,
2018-10-08 06:59:00,,,,,,,,,,,,,,,,,,,,,,,,,,,
2018-10-08 07:00:00,,,,,,,,,,,,,,,,,,,,,,,,,,,
2018-10-08 07:01:00,,,,,,,,,,,,,,,,,,,,,,,0.12026,,,,
2018-10-08 07:02:00,,,,,,,,,,,,,,,,,,,,,,,,,,,
2018-10-08 07:03:00,,,,,,,,,,,,,,,,,,,,,,,,,,,
2018-10-08 07:04:00,,,,,,,,,,,,,,,,,,,,,,,,,,,
2018-10-08 07:05:00,,,,,,,,,,,,,,,,,,,,,,,,,,,
2018-10-08 07:06:00,,,,,,,,,,,,,,,,,0.18211,,,,,,,,,,
2018-10-08 07:07:00,,,,,,,,,,,,,,,,,,,,,,,,,,,
2018-10-08 07:08:00,,,,,,,,,,,,,,,,,,,,,,,,,,0.62244,
2018-10-08 07:09:00,,,,,,,,,,,,,,,,,,,,,,,,,,,
2018-10-08 07:10:00,,,,,,,,,,,,,,,,,,,,,,,,,,,
2018-10-08 07:11:00,,,,,,,,,,,,,,,,,,,,,,,0.18903,,,,
2018-10-08 07:12:00,,,,,,,,,,,,,,,,,,,,,,,,,,,
2018-10-08 07:13:00,,,,,,,,,,,,,,,,,,,,,,,,,,,
2018-10-08 07:14:00,,,,,,,,,,,,,,,,,,,,,,,,,,,
2018-10-08 07:15:00,,,,,,,,,,,,,,,,,,,,,,,,,,,
2018-10-08 07:16:00,,,,,,,,,,,,,,,,,,,,,,,,,,,
2018-10-08 07:17:00,,,,,,,,,,,,,,,,,0.01873,,,,,,,,,,
2018-10-08 07:18:00,,,,,,,,,,,,,,,,,0.29609,,,,,,,,,,
2018-10-08 07:19:00,,,,,,,,,,,,,,,,,0.39144,,,,,,,,,,
2018-10-08 07:20:00,,,,,,,,,,,,,,,,,0.06701,,,,,,,,,,
2018-10-08 07:21:00,,,,,,,,,,,,,,,,,,,,,,,,,,,
2018-10-08 07:22:00,,,,,,,,,,,,,,,,,,,,,,,,,,,
2018-10-08 07:23:00,,,,,,,,0.72386,,,,,,,,,,,,,0.0597,,,,,,
2018-10-08 07:24:00,,,,,,,,0.44348,,,,,,,,,,,,,,,0.09001,,,,
2018-10-08 07:25:00,,,,,,,,,,,,,,,,,,,,,,,,,,,
2018-10-08 07:26:00,,,,,,,,,,,,,,,,,,,,,,,,,,,
2018-10-08 07:27:00,,,,,,,,,,,,,,,,,,,,,,,,,,,
2018-10-08 07:28:00,,,,,,,,,,,,,,,,,,,,,,,,,,,
2018-10-08 07:29:00,,,,,,,,,,,,,,,,,,,,,,,,,,,
2018-10-08 07:30:00,,,,,,,,,,,,,,,,,,,,,,,,,,,
2018-10-08 07:31:00,,,,,,,,,,,,,,,,,,,,,,,,,,,
2018-10-08 07:32:00,,,,,,,,,,,,,,,,,,,,,,,,,,,
2018-10-08 07:33:00,,,,,,,,,,,,,,,,,,,,,,,,,,,
2018-10-08 07:34:00,,,,,,,,,,,,,,,,,,,,,,,,,,,
2018-10-08 07:35:00,,,,,,,,,,,,,,,,,,,,,,,,,,,
2018-10-08 07:36:00,,,,,,,,,,,,,,,,,,,,,,,,,,,
2018-10-08 07:37:00,,,,,,,,,,,,,,,,,,,,,,,,,,,
2018-10-08 07:38:00,,,,,,,,,,,,,,,,,,,,,,,,,,,
2018-10-08 07:39:00,,,,,,,,,,,,,,,,,,,,,,,,,,,
2018-10-08 07:40:00,,,,,,,,,,,,,,,,,,,,,,,,,,,
2018-10-08 07:41:00,,,,,,,,,,,,,,,,,,,,,,,,,,,
2018-10-08 07:42:00,,,,,,,,,,,,,,,,,,,,,,,,,,,
2018-10-08 07:43:00,,,,,,,,,,,,,,,,,,,,,,,,,,,
2018-10-08 07:44:00,,,,,,,,,,,,,,,,,,,,,,,,,,,
2018-10-08 07:45:00,,,,,,,,,,,,,,,,,,,,,,,,,,,
2018-10-08 07:46:00,,,,,,,,,,,,,,,,,,,,,,,,,,,
2018-10-08 07:47:00,,,,,,,,,,,,,,,,,,,,,,,,,,,
2018-10-08 07:48:00,,,,,,,,,,,,,,,,,,,0.04621,,,,,,,,
2018-10-08 07:49:00,,,,,,,,,,,,,,,,,,,,,,,,0.19334,,,
2018-10-08 07:50:00,,,,,,,,,,,,,,,,,,,,,,,,0.16461,,,
2018-10-08 07:51:00,,,,,,,,,,,,,,,,,,,,,,,,,,,
2018-10-08 07:52:00,,,,,,,,,,,,,,,,,,,,,,,,0.04813,,,
2018-10-08 07:53:00,,,,,,,,,,,,,,,,,,,,,,,,,,,
2018-10-08 07:54:00,,,,,,,,,,,,,,,,,,,,,,,,,,,
2018-10-08 07:55:00,,,,,,,,,,,,,,,,,,,,,,,,,,,
2018-10-08 07:56:00,,,,,,,,,,,,,,,,,,,,,,,,,,,
2018-10-08 07:57:00,,,,,,,,,,,,,,,,,,,,,,,,,,,
2018-10-08 07:58:00,,,,,,,,,,,,,,,,,,,,,,,,,,,
2018-10-08 07:59:00,,,,,,,,,,,,,,,,,,,,,,,,,,,
2018-10-08 08:00:00,,,,,,,,,,,,,,,,,,,,,,,,,,,
2018-10-08 08:01:00,,,,,,,,,,,,,,,,,,,,,,,,,,,
2018-10-08 08:02:00,,,,,,,,,,,,,,,,,,,,,,,,,,,
2018-10-08 08:03:00,,,,,,,,,,,,,,,,,,,,,,,,,,,
2018-10-08 08:04:00,,,,,,,,,,,,,,,,,,,,,,,,,,,
2018-10-08 08:05:00,,,,,,,,,,,,,,,,,,,,,,,,,,,
2018-10-08 08:06:00,,,,,,,,,,,,,,,,,,,,,,,,,,,
2018-10-08 08:07:00,,,,,,,,,,,,,,,,,,,,,,,0.02424,,,,
2018-10-08 08:08:00,,,,,,,,,,,,,,,,,,,,,,,,,,,
2018-10-08 08:09:00,,,,,,,,,,,,,,,,,,,,,,,,,,,
2018-10-08 08:10:00,,,,,,,,,,,,,,,,,,,,,,,,,,,
2018-10-08 08:11:00,,,,,,,,,,,,,,,,,,,,,,,,,,,
2018-10-08 08:12:00,,,,,,,,,,,,,,,,,,,,,,,,,,,
2018-10-08 08:13:00,,,,,,,,,,,,,,,,,,,,,,,,,,,
2018-10-08 08:14:00,,,,,,,,,,,,,,,,,,,,,,,,,,,
2018-10-08 08:15:00,,,,,,,,,,,,,,,,,,,,,,,,,,,
2018-10-08 08:16:00,,,,,,,,,,,,,,,,,,,,,,,,,,,
2018-10-08 08:17:00,,,,,,,,,,,,,,,,,,,,,,,,,,,
2018-10-08 08:18:00,,,,,,,,,,,,,,,,,,,,,,,,,,,
2018-10-08 08:19:00,,,,,,,,,,,,,,,,,,,,,,,,0.01595,,,
2018-10-08 08:20:00,,,,,,,,,,,,,,,,,,,,,,,,,,,
2018-10-08 08:21:00,,,,,,,,,,,,,,,,,,,,,,,,,,,
2018-10-08 08:22:00,,,,,,,,,,,,,,,,,,,,,,,,,,,
2018-10-08 08:23:00,,,,,,,,,,,,,,,,,,,,,,,,,,,
2018-10-08 08:24:00,,,,,,,,,,,,,,,,,,,,,,,,,,,
2018-10-08 08:25:00,,,,,,,,,,,,,,,,,,,,,,,,,,,
2018-10-08 08:26:00,,,,,,,,,,,,,,,,,,,,,,,,,,,
2018-10-08 08:27:00,,,,,,,,,,,,,,,,,,,,,,,,,,,
2018-10-08 08:28:00,,,,,,,,,,,,,,,,,,,,,,,,,,,
2018-10-08 08:29:00,,,,,,,,,,,,,,,,,,,,,,,,,,,
2018-10-08 08:30:00,,,,,,,,,,,,,,,,,,,,,,,,,,,
2018-10-08 08:31:00,,,,,,,,,,,,,,,,,,,,,,,,,,,
2018-10-08 08:32:00,,,,,,,,,,,,,,,,,,,,,,,,,,,
2018-10-08 08:33:00,,,,,,,,,,,,,,,,,,,,,,,,,,,
2018-10-08 08:34:00,,,,,,,,,,,,,,,,,,,,,,,,,,,
2018-10-08 08:35:00,,,,,,,,,,,,,,,,,,,,,,,,,,,
2018-10-08 08:36:00,,,,,,,,,,,,,,,,,,,,,,,,,,,
2018-10-08 08:37:00,,,,,,,,,,,,,,,,,,,,,,,,,,,
2018-10-08 08:38:00,,,,,,,,,,,,,,,,,,,,,,,,,,,
2018-10-08 08:39:00,,,,,,,,,,,,,,,,,,,,,,,,,,,
2018-10-08 08:40:00,,,,,,,,,,,,,,,,,,,,,,,,,,,
2018-10-08 08:41:00,,,,,,,,,,,,,,,,,,,,,,,,,,,
2018-10-08 08:42:00,,,,,,,,,,,,,,,,,,,,,,,,,,,
2018-10-08 08:43:00,,,,,,,,,,,,,,,,,,,,,,,,,,,
2018-10-08 08:44:00,,,,,,,,,,,,,,,,,,,,,,,,,,,
2018-10-08 08:45:00,,,,,,,,,,,,,,,,,,,,,,,,,,,
2018-10-08 08:46:00,,,,,,,,,,,,,,,,,,,,,,,,,,,
2018-10-08 08:47:00,,,,,,,,,,,,,,,,,,,,,,,,,,,
2018-10-08 08:48:00,,,,,,,,,,,,,,,,,,,,,,,,,,,
2018-10-08 08:49:00,,,,,,,,,,,,,,,,,,,,,,,,,,,
2018-10-08 08:50:00,,,,,,,,,,,,,,,,,,,,,,,,,,,
2018-10-08 08:51:00,,,,,,,,,,,,,,,,,,,,,,,,,,,
2018-10-08 08:52:00,,,,,,,,,,,,,,,,,,,,,,,,,,,
2018-10-08 08:53:00,,,,,,,,,,,,,,,,,,,,,,,,,,,
2018-10-08 08:54:00,,,,,,,,,,,,,,,,,,,,,,,,,,,
2018-10-08 08:55:00,,,,,,,,,,,,,,,,,,,,,,,,,,,
2018-10-08 08:56:00,,,,,,,,,,,,,,,,,,,,,,,,,,,
2018-10-08 08:57:00,,,,,,,,,,,,,,,,,,,,,,,,,,,
2018-10-08 08:58:00,,,,,,,,,,,,,,,,,,,,,,,,,,,
2018-10-08 08:59:00,,,,,,,,,,,,0.42534,,,,,,,,,,,,,,,
2018-10-08 09:00:00,,,,,,,,,,,,,,,,,,,,,,,,,,,
2018-10-08 09:01:00,,,,,,,,,,,,,,,,,,,,,,,,,,,
2018-10-08 09:02:00,,,,,,,,,,,,,,,,,,,,,,,,,,,
2018-10-08 09:03:00,,,,,,,,,,,,,,,,,,,,,,,,,,,
2018-10-08 09:04:00,,,,,,,,,,,,,,,,,,,,,,,,,,,
2018-10-08 09:05:00,,,,,,,,,,,,,,,,,,,,,0.19481,,,,,,
2018-10-08 09:06:00,,,,,,,,,,,,,,,,,,,,,,,,,,,
2018-10-08 09:07:00,,,,,,,,,,,,,,,,,,,,,,,,,,,
2018-10-08 09:08:00,,,,,,,,,,,,,,,,,,,,,,,,,,,
2018-10-08 09:09:00,,,,,,,,,,,,,,,,,,,,,,,,,,,
2018-10-08 09:10:00,,,,,,,,,,,,,,,,,,,,,,,,,,,
2018-10-08 09:11:00,,,,,,,,,,,,,,,,,,,,,,,,,,,
2018-10-08 09:12:00,,,,,,,,,,,,,,,,,,,,,,,,,,,
2018-10-08 09:13:00,,,,,,,,,,,,,,,,,,,,,,,,,,,
2018-10-08 09:14:00,,,,,,,,,,,,,,,,,,,,,,,,,,,
2018-10-08 09:15:00,,,,,,,,,,,,,,,,,,,,,,,,,,,
2018-10-08 09:16:00,,,,,,,,,,,,,,,,,,,,,,,,,,,
2018-10-08 09:17:00,,,,,,,,,,,,,,,,,,,,,,,,,,,
2018-10-08 09:18:00,,,,,,,,,,,,,,,,,,,,,,,,,,,
2018-10-08 09:19:00,,,,,,,,,,,,,,,,,,,,,,,,,,,
2018-10-08 09:20:00,,,,,,,,,,,,,,,,,,,,,,,,,,,
2018-10-08 09:21:00,,,,,,,,,,,,,,,,,,,,,,,,,,,
2018-10-08 09:22:00,,,,,,,,,,,,,,,,,,,,,,,,,,,
2018-10-08 09:23:00,,,,,,,,,,,,,,,,,,,,,,,,,,,
2018-10-08 09:24:00,,,,,,,,,,,,,,,,,,,,,,,,,,,
2018-10-08 09:25:00,,,,,,,,,,,,,,,,,,,,,,,,,,,
2018-10-08 09:26:00,,,,,,,,,,,,,,,,,,,,,,,,,,,
2018-10-08 09:27:00,,,,,,,,,,,,,,,,,,,,,,,,,,,
2018-10-08 09:28:00,,,,,,,,,,,,,,,,,,,,,,,0.00396,,,,
2018-10-08 09:29:00,,,,,,,,,,,,,,,,,,,,,,,,,,,
2018-10-08 09:30:00,,,,,,,,,,,,,,,,,,,,,,,,,,,
2018-10-08 09:31:00,,,,,,,,,,,,,,,,,,,,,,,,,,,
2018-10-08 09:32:00,,,,,,,,,,,,,,,,,,,,,,,,,,,
2018-10-08 09:33:00,,,,,,,,,,,,,,,,,,,,,,,,,,,
2018-10-08 09:34:00,,,,,,,,,,,,,,,,,,,,,,,,,,,
2018-10-08 09:35:00,,,,,,,,,,,,,,,,,,,,,,,,,,,
2018-10-08 09:36:00,,,,,,,,,,,,,,,,,,,,,,,,,,,
2018-10-08 09:37:00,,,,,,,,,,,,,,,,,,,,,,,,,,,
2018-10-08 09:38:00,,,,,,,,,,,,,,,,,,,,,0.02327,,,,,,
2018-10-08 09:39:00,,,,,,,,,,,,,,,,,,,,,,,,,,,
2018-10-08 09:40:00,,,,,,,,,,,,,,,,,,,,,,,,,,,
2018-10-08 09:41:00,,,,,,,,,,,,,,,,,,,,,,,,,,,
2018-10-08 09:42:00,,,,,,,,,,,,,,,,,,,,,,,,,,,
2018-10-08 09:43:00,,,,,,,,,,,,,,,,,,,,,,,,,,,
2018-10-08 09:44:00,,,,,,,,,,,,,,,,,,,,,,,,,,,
2018-10-08 09:45:00,,,,,,,,,,,,,,,,,,,,,,,,,,,
2018-10-08 09:46:00,,,,,,,,,,,,,,,,,,,,,,,,,,,
2018-10-08 09:47:00,,,,,,,,,,,,,,,,,,,,,,,,,,,
2018-10-08 09:48:00,,,,,,,,,,,,,,,,,,,,,,,,0.01534,,,
2018-10-08 09:49:00,,,,,,,,,,,,,,,,,,,,,,,,,,,
2018-10-08 09:50:00,,,,,,,,,,,,,,,,,,,,,,,,,0.01287,,
2018-10-08 09:51:00,,,,,,,,,,,,,,,,,,,,,,,,,,,
2018-10-08 09:52:00,,,,,,,,,,,,,,,,,,,,,,,,,,,
2018-10-08 09:53:00,,,,,,,,,,,,,,,,,,,,,,,,,,,
2018-10-08 09:54:00,,,,,,,,,,,,,,,,,,,,,,,,,,,
2018-10-08 09:55:00,,,,,,,,,,,,,,,,,,,,,,,,,,,
2018-10-08 09:56:00,,,,,,,,,,,,,,,,,,,,,,,,,,,
2018-10-08 09:57:00,,,,,,,,,,,,,,,,,,,,,,,,,,,
2018-10-08 09:58:00,,,,,,,,,,,,,,,,,,,,,,,,,,,
2018-10-08 09:59:00,,,,,,,,,,,,,,,,,,,,,,,,,,,
2018-10-08 10:00:00,,,,,,,,,,,,,,,,,,,,,,,,,,,
2018-10-08 10:01:00,,,,,,,,,,,,,,,,,,,,,,,,,,,
2018-10-08 10:02:00,,,,,,,,,,,,,,,,,,,,,,,,,,,
2018-10-08 10:03:00,,,,,,,,,,,,,,,,,,,,,,,,,,,
2018-10-08 10:04:00,,,,,,,,,,,,,,,,,,,,,,,,,,,
2018-10-08 10:05:00,,,,,,,,,,,,,,,,,,,,,,,,,,,
2018-10-08 10:06:00,,,,,,,,,,,,,,,,,,,,,,,,,,,
2018-10-08 10:07:00,,,,,,,,,,,,,,,,,,,,,,,,,,,
2018-10-08 10:08:00,,,,,,,,,,,,,,,,,,,,,,,,,,,
2018-10-08 10:09:00,,,,,,,,,,,,,,,,,,,,,,,,,,,
2018-10-08 10:10:00,,,,,,,,,,,,,,,,,,,,,,,,,,,
2018-10-08 10:11:00,,,,,,,,,,,,,,,,,,,,,,,,,,,
2018-10-08 10:12:00,,,,,,,,,,,,,,,,,,,,,,,,,,,
2018-10-08 10:13:00,,,,,,,,,,,,,,,,,,,,,,,,,,,
2018-10-08 10:14:00,,,,,,,,,,,,,,,,,,,,,,,,,,,
2018-10-08 10:15:00,,,,,,,,,,,,,,,,,,,,,,,,,,,
2018-10-08 10:16:00,,,,,,,,,,,,,,,,,,,,,,,,,,,
2018-10-08 10:17:00,,,,,,,,,,,,,,,,,,,,,,,,,,,
2018-10-08 10:18:00,,,,,,,,,,,,,,,,,,,,,,,,0.10704,,,
2018-10-08 10:19:00,,,,,,,,,,,,,,,,,,,,,,,,,,,
2018-10-08 10:20:00,,,,,,,,,,,,,,,,,,,,,,,,,,,
2018-10-08 10:21:00,,,,,,,,,,,,,,,,,,,,,,,,0.11143,,,
2018-10-08 10:22:00,,,,,,,,,,,,,,,,,,,,,,,,,,,
2018-10-08 10:23:00,,,,,,,,,,,,,,,,,,,,,,,,,,,
2018-10-08 10:24:00,,,,,,,,,,,,,,,,,,,,,,,,,,,
2018-10-08 10:25:00,,,,,,,,,,,,,,,,,,,,,,,,,,,
2018-10-08 10:26:00,,,,,,,,,,,,,,,,,,,,,,,,,,,
2018-10-08 10:27:00,,,,,,,,,,,,,,,,,,,,,,,,,,,
2018-10-08 10:28:00,,,,,,,,,,,,,,,,,,,,,,,,,,,
2018-10-08 10:29:00,,,,,,,,,,,,,,,,,,,,,,,,,,,
2018-10-08 10:30:00,,,,,,,,,,,,,,,,,,,,,,,,,,,
2018-10-08 10:31:00,,,,,,,,,,,,,,,,,,,,,,,,,,,
2018-10-08 10:32:00,,,,,,,,,,,,,,,,,,,,,,,,,,,
2018-10-08 10:33:00,,,,,,,,,,,,,,,,,,,,,,,,0.00654,,,
2018-10-08 10:34:00,,,,,,,,,,,,,,,,,,,,,,,,,,,
2018-10-08 10:35:00,,,,,,,,,,,,,,,,,,,,,,,,,,,
2018-10-08 10:36:00,,,,,,,,,,,,,,,,,,,,,,,,,,,
2018-10-08 10:37:00,,,,,,,,,,,,,,,,,,,,,,,,,,,
2018-10-08 10:38:00,,,,,,,,,,,,,,,,,,,,,,,,,,,
2018-10-08 10:39:00,,,,,,,,,,,,,,,,,,,,,,,,,,,
2018-10-08 10:40:00,,,,,,,,,,,,,,,,,,,,,,,,,,,
2018-10-08 10:41:00,,,,,,,,,,,,,,,,,,,,,,,,,,,
2018-10-08 10:42:00,,,,,,,,,,,,,,,,,,,,,,,,,,,
2018-10-08 10:43:00,,,,,,,,,,,,,,,,,,,,,,,,,,,
2018-10-08 10:44:00,,,,,,,,,,,,,,,,,,,,,,,,,,,
2018-10-08 10:45:00,,,,,,,,,,,,,,,,,,,,,,,,,,,
2018-10-08 10:46:00,,,,,,,,,,,,,,,,,,,,,,,,,,,
2018-10-08 10:47:00,,,,,,,,,,,,,,,,,,,,,,,,,,,
2018-10-08 10:48:00,,,,,,,,,,,,,,,,,,,,,,,,,,,
2018-10-08 10:49:00,,,,,,,,,,,,,,,,,,,,,,,,,,,
2018-10-08 10:50:00,,,,,,,,,,,,,,,,,,,,,,,,,,,
2018-10-08 10:51:00,,,,,,,,,,,,,,,,,,,,,,,,,,,
2018-10-08 10:52:00,,,,,,,,,,,,,,,,,,,,,,,,,,,
2018-10-08 10:53:00,,,,,,,,,,,,,,,,,,,,,,,,,,,
2018-10-08 10:54:00,,,,,,,,,,,,,,,,,,,,,,,,,,,
2018-10-08 10:55:00,,,,,,,,,,,,,,,,,,,,,,,,,,,
2018-10-08 10:56:00,,,,,,,,,,,,,,,,,,,,,,,,,,,
2018-10-08 10:57:00,,,,,,,,,,,,,,,,,,,,,,,,,,,
2018-10-08 10:58:00,,,,,,,,,,,,,,,,,,,,,,,,,,,
2018-10-08 10:59:00,,,,,,,,,,,,,,,,,,,,,,,,,,,
2018-10-08 11:00:00,,,,,,,,,,,,,,,,,,,,,,,,,,,
2018-10-08 11:01:00,,,,,,,,,,,,,,,,,,,,,,,,,,,
2018-10-08 11:02:00,,,,,,,,,,,,,,,,,,,,,,,,,,,
2018-10-08 11:03:00,,,,,,,,,,,,,,,,,,,,,,,,0.14375,,,
2018-10-08 11:04:00,,,,,,,,,,,,,,,,,,,,,,,,,,,
2018-10-08 11:05:00,,,,,,,,,,,,,,,,,,,,,,,,,,,
2018-10-08 11:06:00,,,,,,,,,,,,,,,,,,,,,,,,,,,
2018-10-08 11:07:00,,,,,,,,,,,,,,,,,,,,,,,,,,,
2018-10-08 11:08:00,,,,,,,,,,,,,,,,,,,,,,,,,,,
2018-10-08 11:09:00,,,,,,,,,,,,,,,,,,,,,,,,,,,
2018-10-08 11:10:00,,,,,,,,,,,,,,,,,,,,,,,,,,,
2018-10-08 11:11:00,,,,,,,,,,,,,,,,,,,,,,,,,,,
2018-10-08 11:12:00,,,,,,,,,,,,,,,,,,,,,,,,,,,
2018-10-08 11:13:00,,,,,,,,,,,,,,,,,,,,,,,,,,,
2018-10-08 11:14:00,,,,,,,,,,,,,,,,,,,,,,,,,,,
2018-10-08 11:15:00,,,,,,,,,,,,,,,,,,,,,,,,,,,
2018-10-08 11:16:00,,,,,,,,,,,,,,,,,,,,,,,,,,,
2018-10-08 11:17:00,,,,,,,,,,,,,,,,,,,,,,,,,,,
2018-10-08 11:18:00,,,,,,,,,,,,,,,,,,,,,,,,,,,
2018-10-08 11:19:00,,,,,,,,,,,,,,,,,,,,,,,,,,,
2018-10-08 11:20:00,,,,,,,,,,,,,,,,,,,,,,,,,,,
2018-10-08 11:21:00,,,,,,,,,,,,,,,,,,,,,,,,,,,
2018-10-08 11:22:00,,,,,,,,,,,,,,,,,,,,,,,,,,,
2018-10-08 11:23:00,,,,,,,,,,,,,,,,,,,,,,,,,,,
2018-10-08 11:24:00,,,,,,,,,,,,,,,,,,,,,,,,,,,
2018-10-08 11:25:00,,,,,,,,,,,,,,,,,,,,,,,,,,,
2018-10-08 11:26:00,,,,,,,,,,,,,,,,,,,,,,,,,,,
2018-10-08 11:27:00,,,,,,,,,,,,,,,,,,,,,,,,,,,
2018-10-08 11:28:00,,,,,,,,,,,,,,,,,,,,,,,,,,,
2018-10-08 11:29:00,,,,,,,,,,,,,,,,,,,,,,,,,,,
2018-10-08 11:30:00,,,,,,,,,,,,,,,,,,,,,,,,,,,
2018-10-08 11:31:00,,,,,,,,,,,,,,,,,,,,,,,,,,,
2018-10-08 11:32:00,,,,,,,,,,,,,,,,,,,,,,,,,,,
2018-10-08 11:33:00,,,,,,,,,,,,,,,,,,,,,,,,,,,
2018-10-08 11:34:00,,,,,,,,,,,,,,,,,,,,,,,,,,,
2018-10-08 11:35:00,,,,,,,,,,,,,,,,,,,,,,,,,,,
2018-10-08 11:36:00,,,,,,,,,,,,,,,,,,,,,,,,0.01489,,,
2018-10-08 11:37:00,,,,,,,,,,,,,,,,,,,,,,,,,,,
2018-10-08 11:38:00,,,,,,,,,,,,,,,,,,,,,,,,,,,
2018-10-08 11:39:00,,,,,,,,,,,,,,,,,,,,,,,,0.01414,,,
2018-10-08 11:40:00,,,,,,,,,,,,,,,,,,,,,,,,,,,
2018-10-08 11:41:00,,,,,,,,,,,,,,,,,,,,,,,,,,,
2018-10-08 11:42:00,,,,,,,,,,,,,,,,,,,,,0.01433,,,,,,
2018-10-08 11:43:00,,,,,,,,,,,,,,,,,,,,,,,,,,,
2018-10-08 11:44:00,,,,,,,,,,,,,,,,,,,,,,,,,,,
2018-10-08 11:45:00,,,,,,,,,,,,,,,,,,,,,,,,,,,
2018-10-08 11:46:00,,,,,,,,,,,,,,,,,,,,,,,,,,,
2018-10-08 11:47:00,,,,,,,,,,,,,,,,,,,,,,,,,,,
2018-10-08 11:48:00,,,,,,,,,,,,,,,,,,,,,,,,,,,
2018-10-08 11:49:00,,,,,,,,,,,,,,,,,,,,,,,,,,,
2018-10-08 11:50:00,,,,,,,,,,,,,,,,,,,,,,,,,,,
2018-10-08 11:51:00,,,,,,,,,,,,,,,,,,,,,,,,,,,
2018-10-08 11:52:00,,,,,,,,,,,,,,,,,,,,,0.05661,,,,,,
2018-10-08 11:53:00,,,,,,,,,,,,,,,,,,,,,,,,,,,
2018-10-08 11:54:00,,,,,,,,,,,,,,,,,,,,,,,,,,,
2018-10-08 11:55:00,,,,,,,,,,,,,,,,,,,,,0.04869,,,,,,
2018-10-08 11:56:00,,,,,,,,,,,,,,,,,,,,,,,,,,,
2018-10-08 11:57:00,,,,,,,,,,,,,,,,,,,,,,,,,,,
2018-10-08 11:58:00,,,,,,,,,,,,,,,,,,,,,,,,,,,
2018-10-08 11:59:00,,,,,,,,,,,,,,,,,,,,,,,,,,,
2018-10-08 12:00:00,,,,,,,,,,,,,,,,,,,,,,,,,,,
2018-10-08 12:01:00,,,,,,,,,,,,,,,,,,,,,,,,0.10376,,,
2018-10-08 12:02:00,,,,,,,,,,,,0.30123,,,,,,,,,,,,,,,
2018-10-08 12:03:00,,,,,,,,,,,,,,,,,,,,,0.07964,,,,,,
2018-10-08 12:04:00,,,,,,,,,,,,,,,,,,,,,,,,,,,
2018-10-08 12:05:00,,,,,,,,,,,,,,,,,,,,,,,,,,,
2018-10-08 12:06:00,,,,,,,,,,,,,,,,,,,,,,,,,,,
2018-10-08 12:07:00,,,,,,,,,,,,,,,2.00236,,,,,,,,,0.1526,,,
2018-10-08 12:08:00,,,,,,,,,,,,,,,0.75202,,,,,,,,,,,,
2018-10-08 12:09:00,,,,,,,,,,,,,,,,,,,,,,,,0.08974,,,
2018-10-08 12:10:00,,,,,,,,,,,,,,,,,,,,,,,,,,,
2018-10-08 12:11:00,,,,,,,,,,,,,,,,,,,,,,,0.14021,,,,
2018-10-08 12:12:00,,,,,,,,,,,,,,,,,,,,,,,,,,,
2018-10-08 12:13:00,,,,,,,,,,,,,,,,,,,,,,,,,,,
2018-10-08 12:14:00,,,,,,,,,,,,,,,,,,,,,,,,,,,
2018-10-08 12:15:00,,,,,,,,,,,,,,,,,,,,,,,,,,,
2018-10-08 12:16:00,,,,,,,,,,,,,,,,,,,,,,,,,,,
2018-10-08 12:17:00,,,,,,,,,,,,,,,,,,,,,,,,,,,
2018-10-08 12:18:00,,,,,,,,,,,,,,,,,,,,,,,,,,,
2018-10-08 12:19:00,,,,,,,,,,,,,,,,,,,,,,,,0.07899,,,
2018-10-08 12:20:00,,,,,,,,,,,,,,,,,,,,,,,,0.07067,,,
2018-10-08 12:21:00,,,,,,,,,,,,,,,,,,,,,0.00164,,,,,,
2018-10-08 12:22:00,,,,,,,,,,,,,,,,,,,,,,,,,,,
2018-10-08 12:23:00,,,,,,,,,,,,,,,,,,,,,,,,,,,
2018-10-08 12:24:00,,,,,,,,,1.36123,,,,,,,,,,,,,,,,,,
2018-10-08 12:25:00,,,,,,,,,6.23271,,,,,,,,,,,,,,,0.01357,,,
2018-10-08 12:26:00,,,,,,,,,4.0542,,,,,,,,,,,,,,,,,,
2018-10-08 12:27:00,,,,,,,,,,,,,,,,,,,,,,,,,,,
2018-10-08 12:28:00,,,,,,,,,,,,,,,,,,,,,,,,,,,
2018-10-08 12:29:00,,,,,,,,,,,,,,,,,,,,,,,,,,,
2018-10-08 12:30:00,,,,,,,,,,,,,,,,,,,,,,,,,,,
2018-10-08 12:31:00,,,,,,,,,,,,,,,,,,,,,,,,,,,
2018-10-08 12:32:00,,,,,,,,,,,,,,,,,,,,,,,,,,,
2018-10-08 12:33:00,,,,,,,,,,,,,,,,,,,,,,,,,,0.29041,
2018-10-08 12:34:00,,,,,,,,,,,,,,,,,,,,,,,,,,0.5732,
2018-10-08 12:35:00,,,,,,,,,,,,,,,,,,,,,,,,0.06655,,0.14285,
2018-10-08 12:36:00,,,,,,,,,,,,,,,,,,,,,,,,,,0.18166,
2018-10-08 12:37:00,,,,,,,,,,,,,,,,,,,,,,,,0.31111,,,
2018-10-08 12:38:00,,,,,,,,,,,,,,,,,,,,,,,,,,0.13132,
2018-10-08 12:39:00,,,,,,,,,,,,,,,,,,,,,,,,,,,
2018-10-08 12:40:00,,,,,,,,,,,,,,,,,,,,,,,,0.03933,,,
2018-10-08 12:41:00,,,,,,,,,,,,,,,,,,,,,,,,0.08751,,,
2018-10-08 12:42:00,,,,,,,,,,,,,,,,,,,,,,,,,,,
2018-10-08 12:43:00,,,,,,,,,,,,,,,,,,,,,,,,,,,
2018-10-08 12:44:00,,,,,,,,,,,,,,,,,,,,,,,,,,,
2018-10-08 12:45:00,,,,,,,,,,,,,,,,,,,,,,,,,,,
2018-10-08 12:46:00,,,,,,,,,,,,,,,,,,,,,,,,,,,
2018-10-08 12:47:00,,,,,,,,,,,,,,,,,,,,,,,,,,,
2018-10-08 12:48:00,,,,,,,,,,,,,,,,,,,,,,,,0.01375,,,
2018-10-08 12:49:00,,,,,,,,,,,,,,,,,,,,,,,,,,,
2018-10-08 12:50:00,,,,,,,,,,,,,,,,,,,,,,,,,,,
2018-10-08 12:51:00,,,,,,,,,,,,,,,,,,,0.07147,,,,,,,,
2018-10-08 12:52:00,,,,,,,,,,,,,,,,,,,,,0.61297,,0.1119,,,,
2018-10-08 12:53:00,,,,,,,,,,,,,,,,,,,,,,,0.4599,,,,
2018-10-08 12:54:00,,,,,,,,,,,,,,,,,,,,,,,,,,,
2018-10-08 12:55:00,,,,,,,,,,,,,,,,,,,,,,,,0.14521,,,
2018-10-08 12:56:00,,,,,,,,,,,,,,,,,,,,,,,,0.21887,,,
2018-10-08 12:57:00,,,,,,,,,,,,,,,,,,,,,,,,,,,
2018-10-08 12:58:00,,,,,,,,,,,,,,,,,,,,,,,,,,,
2018-10-08 12:59:00,,,,,,,,,,,,,,,,,,,,,,,,,,,
2018-10-08 13:00:00,,,,,,,,,,,,,,,,,,,,,,,,,,,
2018-10-08 13:01:00,,,,,,,,,,,,,,,,,,,,,,,,,,,
2018-10-08 13:02:00,,,,,,,,,,,,,,,,,,,,,,,,,,,
2018-10-08 13:03:00,,,,,,,,,,,,,,,,,,,,,,,,,,,
2018-10-08 13:04:00,,,,,,,,,,,,,,,,,,,,,,,,0.01435,,,
2018-10-08 13:05:00,,,,,,,,,,,,,,,,,,,,,0.15107,,,,,,
2018-10-08 13:06:00,,,,,,,,,,,,,,,,,,,,,,,,,,,
2018-10-08 13:07:00,,,,,,,,,,,,,,,,,,0.03954,,,0.02199,,,,,,
2018-10-08 13:08:00,,,,,,,,,,,,,,,,,,,,,,,,0.22631,,,
2018-10-08 13:09:00,,,,,,,,,,,,,,,,,,,,,,,,0.03158,,,
2018-10-08 13:10:00,,,,,,,,,,,,,,,,,,,,,,,,0.06113,,,
2018-10-08 13:11:00,,,,,,,,,,,,,,,,,,,,,,,,0.17802,,,
2018-10-08 13:12:00,,,,,,,,,,,,,,,,,,,,,,,,,,,
2018-10-08 13:13:00,,,,,,,,,,,,,,,,,,,,,0.17259,,,,,,
2018-10-08 13:14:00,,,,,,,,,,,,,,,,,,,,,,,,,,,
2018-10-08 13:15:00,,,,,,,,,,,,,,,,,,,,,0.05137,,,,,,
2018-10-08 13:16:00,,,,,,,,,,,,,,,,,,,,,,,,,,,
2018-10-08 13:17:00,,,,,,,,,,,,,,,,,,,,,,,,0.15153,,,
2018-10-08 13:18:00,,,,,,,,,,,,,,,,,,,,,,,,,,,
2018-10-08 13:19:00,,,,,,,,,,,,,,,,,,,,,,,,,,,
2018-10-08 13:20:00,,,,,,,,,,,,,,,,,,,,,,,,,,,
2018-10-08 13:21:00,,,,,,,,,,,,,,,,,,,,,,,,,,,
2018-10-08 13:22:00,,,,,,,,,,,,,,,,,,,,,,,,,,,
2018-10-08 13:23:00,,,,,,,,,,,,,,,,,,,,,,,,,,,
2018-10-08 13:24:00,,,,,,,,,,,,,,,,,,,,,,,,,,,
2018-10-08 13:25:00,,,,,,,,,,,,,,,,,,,,,,,,,,,
2018-10-08 13:26:00,,,,,,,,,,,,,,,,,,,,,,,,,,,
2018-10-08 13:27:00,,,,,,,,,,,,,,,,,,,,,,,,,,,
2018-10-08 13:28:00,,,,,,,,,,,,,,,,,,,,,,,,0.05985,,,
2018-10-08 13:29:00,,,,,,,,,,,,,,,,,,,,,,,,,,,
2018-10-08 13:30:00,,,,,,,,,,,,,,,,,,,,,,,,,,,
2018-10-08 13:31:00,,,,,,,,,,,,,,,,,,,,,,,,,,,
2018-10-08 13:32:00,,,,,,,,,,,,,,,,,,,,,,,,0.27925,,,
2018-10-08 13:33:00,,,,,,,,,,,,,,,,,,,,,,,,0.23397,,,
2018-10-08 13:34:00,,,,,,,,,,,,,,,,,,,,,,,,,,,
2018-10-08 13:35:00,,,,,,,,,,,,,,,,,,,,,,,,,,,
2018-10-08 13:36:00,,,,,,,,,,,,,,,,,,,,,,,,,,,
2018-10-08 13:37:00,,,,,,,,,,,,,,,,,,,,,,,,,,,
2018-10-08 13:38:00,,,,,,,,,,,,,,,,,,,,,0.14625,,,,,,
2018-10-08 13:39:00,,,,,,,,,,,,,,,,,,,,,,,,,,,
2018-10-08 13:40:00,,,,,,,,,,,,,,,,,,,,,,,,,,,
2018-10-08 13:41:00,,,,,,,,,,,,,,,,,,,,,,,,,,,
2018-10-08 13:42:00,,,,,,,,,,,,,,,,,,,,,,,,,,,
2018-10-08 13:43:00,,,,,,,,,,,,,,,,,,,,,,,,,,,
2018-10-08 13:44:00,,,,,,,,,,,,,,,,,,,,,,,,,,,
2018-10-08 13:45:00,,,,,,,,,,,,,,,,,,,,,,,,,,,
2018-10-08 13:46:00,,,,,,,,,,,,,,,,,,,,,,,0.00525,,,,
2018-10-08 13:47:00,,,,,,,,,,,,,,,,,,,,,,,,,,,
2018-10-08 13:48:00,,,,,,,,,,,,,,,,,,,,,,,,,,,
2018-10-08 13:49:00,,,,,,,,,,,,,,,,,,,,,,,,,,,
2018-10-08 13:50:00,,,,,,,,,,,,,,,,,,,,,,,,,,,
2018-10-08 13:51:00,,,,,,,,,,,,,,,,,,,,,,,,,,,
2018-10-08 13:52:00,,,,,,,,,,,,,,,,,,,,,,,,,,,
2018-10-08 13:53:00,,,,,,,,,,,,,,,,,,,,,,,,,,,
2018-10-08 13:54:00,,,,,,,,,,,,,,,,,,,,,,,,,,,
2018-10-08 13:55:00,,,,,,,,,,,,,,,,,,,,,,,,,,,
2018-10-08 13:56:00,,,,,,,,,,,,,,,,,,,,,,,,,,,
2018-10-08 13:57:00,,,,,,,,,,,,,,,,,,,,,,,,,,,
2018-10-08 13:58:00,,,,,,,,,,,,,,,,,,,,,,,,,,,
2018-10-08 13:59:00,,,,,,,,,,,,,,,,,,,,,,,,,,,
2018-10-08 14:00:00,,,,,,,,,,,,,,,,,,,,,,,,,,,
2018-10-08 14:01:00,,,,,,,,,,,,,,,,,,,,,,,,,,,
2018-10-08 14:02:00,,,,,,,,,,,,,,,,,,,,,,,,,,,
2018-10-08 14:03:00,,,,,,,,,,,,,,,,,,,,,,,,,,,
2018-10-08 14:04:00,,,,,,,,,,,,,,,,,,,,,,,,,,,
2018-10-08 14:05:00,,,,,,,,,,,,,,,,,,,,,,,,,,,
2018-10-08 14:06:00,,,,,,,,,,,,,,,,,,,,,,,,,,,
2018-10-08 14:07:00,,,,,,,,,,,,,,,,,,,,,,,,,,,
2018-10-08 14:08:00,,,,,,,,,,,,,,,,,,,,,,,,,,,
2018-10-08 14:09:00,,,,,,,,,,,,,,,,,,,,,,,,,,,
2018-10-08 14:10:00,,,,,,,,,,,,,,,,,,,,,,,,,,,
2018-10-08 14:11:00,,,,,,,,,,,,,,,,,,,,,,,,,,,
2018-10-08 14:12:00,,,,,,,,,,,,,,,,,,,,,,,,,,,
2018-10-08 14:13:00,,,,,,,,,,,,,,,,,,,,,,,,,,,
2018-10-08 14:14:00,,,,,,,,,,,,,,,,,,,,,,,,,,,
2018-10-08 14:15:00,,,,,,,,,,,,,,,,,,,,,,,,,,,
2018-10-08 14:16:00,,,,,,,,,,,,,,,,,,,,,,,,,,,
2018-10-08 14:17:00,,,,,,,,,,,,,,,,,,,,,,,,,,,
2018-10-08 14:18:00,,,,,,,,,,,,,,,,,,,,,,,,,,,
2018-10-08 14:19:00,,,,,,,,,,,,,,,,,,,,,,,,,,,
2018-10-08 14:20:00,,,,,,,,,,,,,,,,,,,,,,,0.1383,,,,
2018-10-08 14:21:00,,,,,,,,,,,,,,,,,,,,,,,0.12276,,,,
2018-10-08 14:22:00,,,,,,,,,,,,,,,,,,,,,,,,,,,
2018-10-08 14:23:00,,,,,,,,,,,,,,,,,,,,,,,,,,,
2018-10-08 14:24:00,,,,,,,,,,,,,,,,,,,,,,,0.08694,,,,
2018-10-08 14:25:00,,,,,,,,,,,,,,,,,,,,,,,,,,,
2018-10-08 14:26:00,,,,,,,,,,,,,,,,,,,,,,,,,,,
2018-10-08 14:27:00,,,,,,,,,,,,,,,,,,,,,,,,,,,
2018-10-08 14:28:00,,,,,,,,,,,,,,,,,,,,,,,,,,,
2018-10-08 14:29:00,,,,,,,,,,,,,,,,,,,,,,,,,,,
2018-10-08 14:30:00,,,,,,,,,,,,,,,,,,,,,,,,,,,
2018-10-08 14:31:00,,,,,,,,,,,,,,,,,,,,,,,,,,,
2018-10-08 14:32:00,,,,,,,,,,,,,,,,,,,,,,,,,,,
2018-10-08 14:33:00,,,,,,,,,,,,,,,,,,,,,,,,,,,
2018-10-08 14:34:00,,,,,,,,,,,,,,,,,,,,,,,,,,,
2018-10-08 14:35:00,,,,,,,,,,,,,,,,,,,,,,,,,,,
2018-10-08 14:36:00,,,,,,,,,,,,,,,,,,,,,,,,,,,
2018-10-08 14:37:00,,,,,,,,,,,,,,,,,0.0539,,,,,,,,,,
2018-10-08 14:38:00,,,,,,,,,,,,,,,,,,,,,,,,,,,
2018-10-08 14:39:00,,,,,,,,,,,,,,,,,,,,,,,,,,,
2018-10-08 14:40:00,,,,,,,,,,,,,,,,,,,,,,,,,,,
2018-10-08 14:41:00,,,,,,,,,,,,,,,,,,,,,,,,,,,
2018-10-08 14:42:00,,,,,,,,,,,,,,,,,,,,,,,,,,,
2018-10-08 14:43:00,,,,,,,,,,,,,,,,,,,,,,,,,,,
2018-10-08 14:44:00,,,,,,,,,,,,,,,,,,,,,,,,,,,
2018-10-08 14:45:00,,,,,,,,,,,,,,,,,,,,,,,,,,,
2018-10-08 14:46:00,,,,,,,,,,,,,,,,,,,,,,,,,,,
2018-10-08 14:47:00,,,,,,,,,,,,,,,,,,,,,,,,,,,
2018-10-08 14:48:00,,,,,,,,,,,,,,,,,,,,,,,,,,,
2018-10-08 14:49:00,,,,,,,,,,,,,,,,,,,,,,,,,,,
2018-10-08 14:50:00,,,,,,,,,,,,,,,,,,,,,,,,,,,
2018-10-08 14:51:00,,,,,,,,,,,,,,,,,,,,,,,,,,,
2018-10-08 14:52:00,,,,,,,,,,,,,,,,,,,,,,,,,,,
2018-10-08 14:53:00,,,,,,,,,,,,,,,,,,,,,,,,,,,
2018-10-08 14:54:00,,,,,,,,,,,,,,,,,,,,,,,,,,,
2018-10-08 14:55:00,,,,,,,,,,,,,,,,,,,,,,,,,,,
2018-10-08 14:56:00,,,,,,,,,,,,,,,,,,,,,,,,,,,
2018-10-08 14:57:00,,,,,,,,,,,,,,,,,,,,,,,,,,,
2018-10-08 14:58:00,,,,,,,,,,,,,,,,,,,,,,,,,,,
2018-10-08 14:59:00,,,,,,,,,,,,,,,,,,,,,,,,,,,
2018-10-08 15:00:00,,,,,,,,,,,,,,,,,,,,,,,,,,,
2018-10-08 15:01:00,,,,,,,,,,,,,,,,,,,,,,,,,,,
2018-10-08 15:02:00,,,,,,,,,,,,,,,,,,,,,,,,,,,
2018-10-08 15:03:00,,,,,,,,,,,,,,,,,,,,,,,,,,,
2018-10-08 15:04:00,,,,,,,,,,,,,,,,,,,,,,,,,,,
2018-10-08 15:05:00,,,,,,,,,,,,,,,,,,,,,,,,,,,
2018-10-08 15:06:00,,,,,,,,,,,,,,,,,,,,,,,,,,,
2018-10-08 15:07:00,,,,,,,,,,,,,,,,,,,,,,,,,,,
2018-10-08 15:08:00,,,,,,,,,,,,,,,,,,,,,,,,,,,
2018-10-08 15:09:00,,,,,,,,,,,,,,,,,,,,,,,,,,,
2018-10-08 15:10:00,,,,,,,,,,,,,,,,,,,,,,,,,,,
2018-10-08 15:11:00,,,,,,,,,,,,,,,,,,,,,,,,,,,
2018-10-08 15:12:00,,,,,,,,,,,,,,,,,,,,,,,,,,,
2018-10-08 15:13:00,,,,,,,,,,,,,,,,,,,,,,,,,,,
2018-10-08 15:14:00,,,,,,,,,,,,,,,,,,,,,,,,,,,
2018-10-08 15:15:00,,,,,,,,,,,,,,,,,,,,,,,,,,,
2018-10-08 15:16:00,,,,,,,,,,,,,,,,,,,,,,,,,,,
2018-10-08 15:17:00,,,,,,,,,,,,,,,,,,,,,,,,,,,
2018-10-08 15:18:00,,,,,,,,,,,,,,,,,,,,,,,,,,,
2018-10-08 15:19:00,,,,,,,,,,,,,,,,,,,,,,,,,,,
2018-10-08 15:20:00,,,,,,,,,,,,,,,,,,,,,,,,,,,
2018-10-08 15:21:00,,,,,,,,,,,,,,,,,,,,,,,,,,,
2018-10-08 15:22:00,,,,,,,,,,,,,,,,,,,,,,,,,,,
2018-10-08 15:23:00,,,,,,,,,,,,,,,,,,,,,,,,,,,
2018-10-08 15:24:00,,,,,,,,,,,,,,,,,,,,,,,,,,,
2018-10-08 15:25:00,,,,,,,,,,,,,,,,,,,,,,,,,,,
2018-10-08 15:26:00,,,,,,,,,,,,,,,,,,,,,0.48166,,,,,,
2018-10-08 15:27:00,,,,,,,,,,,,,,,,,,,,,,,,,,,
2018-10-08 15:28:00,,,,,,,,,,,,,,,,,,,,,,,,,,,
2018-10-08 15:29:00,,,,,,,,,,,,,,,,,,,,,,,,,,,
2018-10-08 15:30:00,,,,,,,,,,,,,,,,,,,,,,,,,,,
2018-10-08 15:31:00,,,,,,,,,,,,,,,,,,,,,,,,,,,
2018-10-08 15:32:00,,,,,,,,,,,,,,,,,,,,,,,,,,,
2018-10-08 15:33:00,,,,,,,,,,,,,,,,,0.36391,,,,,,,,,,
2018-10-08 15:34:00,,,,,,,,,,,,,,,,,0.27509,,,,,,,,,,
2018-10-08 15:35:00,,,,,,,,,,,,,,,,,,,,,,,,,,,
2018-10-08 15:36:00,,,,,,,,,,,,,,,,,,,,,,,,,,,
2018-10-08 15:37:00,,,,,,,,,,,,,,,,,,,,,,,,,,,
2018-10-08 15:38:00,,,,,,,,,,,,,,,,,,,,,,,,,,,
2018-10-08 15:39:00,,,,,,,,,,,,,,,,,,,,,,,,,,,
2018-10-08 15:40:00,,,,,,,,,,,,,,,,,,,,,,,,,,,
2018-10-08 15:41:00,,,,,,,,,,,,,,,,,,,,,,,,,,,
2018-10-08 15:42:00,,,,,,,,,,,,,,,,,,,,,,,0.02632,,,,
2018-10-08 15:43:00,,,,,,,,,,,,,,,,,,,,,,,,,,,
2018-10-08 15:44:00,,,,,,,,,,,,,,,,,,,,,,,,,,,
2018-10-08 15:45:00,,,,,,,,,,,,,,,,,,,,,,,,,,,
2018-10-08 15:46:00,,,,,,,,,,,,,,,,,,,,,,,,,,,
2018-10-08 15:47:00,,,,,,,,,,,,,,,,,,,,,,,,,,,
2018-10-08 15:48:00,,,,,,,,,,,,,,,,,,,,,,,,,,,
2018-10-08 15:49:00,,,,,,,,,,,,,,,,,,,,,,,,,,,
2018-10-08 15:50:00,,,,,,,,,,,,,,,,,,,,,,,,,,,
2018-10-08 15:51:00,,,,,,,,,,,,,,,,,,,,,,,,,,,
2018-10-08 15:52:00,,,,,,,,,,,,,,,,,,,,,,,,,,,
2018-10-08 15:53:00,,,,,,,,,,,,,,,,,,,,,,,,,,,
2018-10-08 15:54:00,,,,,,,,,,,,,,,,,,,,,,,,,,,
2018-10-08 15:55:00,,,,,,,,,,,,,,,,,,,,,,,,,,,
2018-10-08 15:56:00,,,,,,,,,,,,,,,,,,,,,,,,,,,
2018-10-08 15:57:00,,,,,,,,,,,,,,,,,,,,,,,,,,,
2018-10-08 15:58:00,,,,,,,,,,,,,,,,0.92955,,,,,,,,,,,
2018-10-08 15:59:00,,,,,,,,,,,,,,,,,,,,,,,,,,,
2018-10-08 16:00:00,,,,,,,,,,,,,,,,,,,,,,,,,,,
2018-10-08 16:01:00,,,,,,,,,,,,,,,,,,,,,,,,,,,
2018-10-08 16:02:00,,,,,,,,,,,,,,,,,,,,,,,,,,,
2018-10-08 16:03:00,,,,,,,,,,,,,,,,,,,,,,,,,,,
2018-10-08 16:04:00,,,,,,,,,,,,,,,,,,,,,,,,,,,
2018-10-08 16:05:00,,,,,,,,,,,,,,,,,,,,,,,,,,,
2018-10-08 16:06:00,,,,,,,,,,,,,,,,,,,,,,,,,,,
2018-10-08 16:07:00,,,,,,,,,,,,,,,,,,,,,,,,,,,
2018-10-08 16:08:00,,,,,,,,,,,,,,,,,,,,,,,,,,,
2018-10-08 16:09:00,,,,,,,,,,,,,,,,,,,,,,,,,,,
2018-10-08 16:10:00,,,,,,,,,,,,,,,,,,,,,,,,,,,
2018-10-08 16:11:00,,,,,,,,,,,,,,,,,,,,,,,,,,,
2018-10-08 16:12:00,,,,,,,,,,,,,,,,,,,,,,,,,,,
2018-10-08 16:13:00,,,,,,,,,,,,,,,,,,,,,,,,,,,
2018-10-08 16:14:00,,,,,,,,,,,,,,,,,,,,,,,,,,,
2018-10-08 16:15:00,,,,,,,,,,,,,,,,,,,,,,,,,,,
2018-10-08 16:16:00,,,,,,,,,,,,,,,,,,,,,,,,,,,
2018-10-08 16:17:00,,,,,,,,,,,,,,,,,,,,,,,,,,,
2018-10-08 16:18:00,,,,,,,,,,,,,,,,,,,,,,,,,,,
2018-10-08 16:19:00,,,,,,,,,,,,,,,,,,,,,,,,,,,
2018-10-08 16:20:00,,,,,,,,,,,,,,,,,,,,,,,,,,,
2018-10-08 16:21:00,,,,,,,,,,,,,,,,,,,,,,,,,,,
2018-10-08 16:22:00,,,,,,,,,,,,,,,,,,,,,,,,,,,
2018-10-08 16:23:00,,,,,,,,,,,,,,,,,,,,,,,,,,,
2018-10-08 16:24:00,,,,,,,,,,,,,,,,,,,,,,,,,,,
2018-10-08 16:25:00,,,,,,,,,,,,,,,,,,,,,,,,,,,
2018-10-08 16:26:00,,,,,,,,,,,,,,,,,,,,,,,,,,,
2018-10-08 16:27:00,,,,,,,,,,,,,,,,,,,,,,,,,,,
2018-10-08 16:28:00,,,,,,,,,,,,,,,,,,,,,,,,,,,
2018-10-08 16:29:00,,,,,,,,,,,,,,,,,,,,,,,,,,,
2018-10-08 16:30:00,,,,,,,,,,,,,,,,,,,,,,,,,,,
2018-10-08 16:31:00,,,,,,,,,,,,,,,,,,,,,,,,,,,
2018-10-08 16:32:00,,,,,,,,,,,,,,,,,,,,,,,,,,,
2018-10-08 16:33:00,,,,,,,,,,,,,,,,,,,,,,,,,,,
2018-10-08 16:34:00,,,,,,,,,,,,,,,,0.43263,,,,,,,,,,,
2018-10-08 16:35:00,,,,,,,,,,,,,,,,0.93712,,,,,,,,,,,
2018-10-08 16:36:00,,,,,,,,,,,,,,,,,,,,,,,,,,,
2018-10-08 16:37:00,,,,,,,,,,,,,,,,,,,,,,,,,,,
2018-10-08 16:38:00,,,,,,,,,,,,,,,,,,,,,,,,,,,
2018-10-08 16:39:00,,,,,,,,,,,,,,,,,,,,,,,,,,,
2018-10-08 16:40:00,,,,,,,,,,,,,,,,,,,,,,,,,,,
2018-10-08 16:41:00,,,,,,,,,,,,,,,,,,,,,,,,,,,
2018-10-08 16:42:00,,,,,,,,,,,,,,,,,,,,,,,,,,,
2018-10-08 16:43:00,,,,,,,,,,,,,,,,0.24972,,,,,,,,,,,
2018-10-08 16:44:00,,,,,,,,,,,,,,,,0.90734,,,,,,,,,,,
2018-10-08 16:45:00,,,,,,,,,,,,,,,,0.90726,,,,,,,,,,,
2018-10-08 16:46:00,,,,,,,,,,,,,,,,0.12094,,,,,,,,,,,
2018-10-08 16:47:00,,,,,,,,,,,,,,,,,,,,,,,,,,,
2018-10-08 16:48:00,,,,,,,,,,,,,,,,,,,,,,,,,,,
2018-10-08 16:49:00,,,,,,,,,,,,,,,,,,,,,,,,,,,
2018-10-08 16:50:00,,,,,,,,,,,,,,,,,,,,,,,,,,,
2018-10-08 16:51:00,,,,,,,,,,,,,,,,0.32444,,,,,,,,,,,
2018-10-08 16:52:00,,,,,,,,,,,,,,,,0.24793,,,,,,,,,,,
2018-10-08 16:53:00,,,,,,,,,,,,,,,,,,,,,,,,,,,
2018-10-08 16:54:00,,,,,,,,,,,,,,,,,,,,,,,,,,,
2018-10-08 16:55:00,,,,,,,,,,,,,,,,,,,,,,,,,,,
2018-10-08 16:56:00,,,,,,,,,,,,,,,,,,,,,,,,,,,
2018-10-08 16:57:00,,,,,,,,,,,,,,,,,,,,,,,,,,,
2018-10-08 16:58:00,,,,,,,,,,,,,,,,,,,,,,,,,,,
2018-10-08 16:59:00,,,,,,,,,,,,,,,,,,,,,,,,,,,
2018-10-08 17:00:00,,,,,,,,,,,,,,,,,,,,,,,,,,,
2018-10-08 17:01:00,,,,,,,,,,,,,,,,,,,,,,,,,,,
2018-10-08 17:02:00,,,,,,,,,,,,,,,,,,,,,,,,,,,
2018-10-08 17:03:00,,,,,,,,,,,,,,,,,,,,,,,,,,,
2018-10-08 17:04:00,,,,,,,,,,,,,,,,,,,,,,,,,,,
2018-10-08 17:05:00,,,,,,,,,,,,,,,,,,,,,,,,,,,
2018-10-08 17:06:00,,,,,,,,,,,,,,,,,,,,,,,,,,,
2018-10-08 17:07:00,,,,,,,,,,,,,,,,,,,,,,,,,,,
2018-10-08 17:08:00,,,,,,,,,,,,,,,,,,,,,,,,,,,
2018-10-08 17:09:00,,,,,,,,,,,,,,,,,,,,,,,,,,,
2018-10-08 17:10:00,,,,,,,,,,,,,,,,,,,,,,,,,,,
2018-10-08 17:11:00,,,,,,,,,,,,,,,,,,,,,,,,,,,
2018-10-08 17:12:00,,,,,,,,,,,,,,,,,,,,,,,,,,,
2018-10-08 17:13:00,,,,,,,,,,,,,,,,1.90574,,,,,,,,,,,
2018-10-08 17:14:00,,,,,,,,,,,,,,,,,,,,,,,,,,,
2018-10-08 17:15:00,,,,,,,,,,,,,,,,,,,,,,,,,,,
2018-10-08 17:16:00,,,,,,,,,,,,,,,,,,,,,,,,,,,
2018-10-08 17:17:00,,,,,,,,,,,,,,,,0.50325,,,,,,,,,,,
2018-10-08 17:18:00,,,,,,,,,,,,,,,,1.3544,,,,,,,,,,,
2018-10-08 17:19:00,,,,,,,,,,,,,,,,,,,,,,,,,,,
2018-10-08 17:20:00,,,,,,,,,,,,,,,,,,,,,,,,,,,
2018-10-08 17:21:00,,,,,,,,,,,,,,,,,,,,,,,,,,,
2018-10-08 17:22:00,,,,,,,,,,,,,,,,,,,,,,,,,,,
2018-10-08 17:23:00,,,,,,,,,,,,,,,,,,,,,,,,,,,
2018-10-08 17:24:00,,,,,,,,,,,,,,,,,,,,,,,,,,,
2018-10-08 17:25:00,,,,,,,,,,,,,,,,,,,,,,,,,,,
2018-10-08 17:26:00,,,,,,,,,,,,,,,,,,,,,,,,,,,
2018-10-08 17:27:00,,,,,,,,,,,,,,,,,,,,,,,,,,,
2018-10-08 17:28:00,,,,,,,,,,,,,,,,,,,,,,,,,,,
2018-10-08 17:29:00,,,,,,,,,,,,,,,,,,,,,,,,,,,
2018-10-08 17:30:00,,,,,,,,,,,,,,,,,,,,,,,,,,,
2018-10-08 17:31:00,,,,,,,,,,,,,,,,,,,,,,,,,,,
2018-10-08 17:32:00,,,,,,,,,,,,,,,,,,,,,,,,,,,
2018-10-08 17:33:00,,,,,,,,,,,,,,,,,,,,,,,,,,,
2018-10-08 17:34:00,,,,,,,,,,,,,,,,,,,,,,,,,,,
2018-10-08 17:35:00,,,,,,,,,,,,,,,,,,,,,,,,,,,
2018-10-08 17:36:00,,,,,,,,,,,,,,,,,,,,,,,,,,,
2018-10-08 17:37:00,,,,,,,,,,,,,,,,,,,,,,,,,,,
2018-10-08 17:38:00,,,,,,,,,,,,,,,,,,,,,,,,,,,
2018-10-08 17:39:00,,,,,,,,,,,,,,,,,,,,,,,,,,,
2018-10-08 17:40:00,,,,,,,,,,,,,,,,,,,,,,,,,,,
2018-10-08 17:41:00,,,,,,,,,,,,,,,,,,,,,,,,,,,
2018-10-08 17:42:00,,,,,,,,,,,,,,,,,,,,,,,,,,,
2018-10-08 17:43:00,,,,,,,,,,,,,,,,,,,,,,,,,,,
2018-10-08 17:44:00,,,,,,,,,,,,,,,,,,,,,,,,,,,
2018-10-08 17:45:00,,,,,,,,,,,,,,,,,,,,,,,,,,,
2018-10-08 17:46:00,,,,,,,,,,,,,,,,,,,,,,,,,,,
2018-10-08 17:47:00,,,,,,,,,,,,,,,,,,,,,,,,,,,
2018-10-08 17:48:00,,,,,,,,,,,,,,,,,,,,,,,,,,,
2018-10-08 17:49:00,,,,,,,,,,,,,,,,,,,,,,,,,,,
2018-10-08 17:50:00,,,,,,,,,,,,,,,,,,,,,,,,,,,
2018-10-08 17:51:00,,,,,,,,,,,,,,,,,,,,,,,,,,,
2018-10-08 17:52:00,,,,,,,,,,,,,,,,,,,,,,,,,,,
2018-10-08 17:53:00,,,,,,,,,,,,,,,,,,,,,,,,,,,
2018-10-08 17:54:00,,,,,,,,,,,,,,,,,,,,,,,,,,,
2018-10-08 17:55:00,,,,,,,,,,,,,,,,,,,,,,,,,,,
2018-10-08 17:56:00,,,,,,,,,,,,,,,,,,,,,,,,,,,
2018-10-08 17:57:00,,,,,,,,,,,,,,,,0.08117,,,,,,,,,,,
2018-10-08 17:58:00,,,,,,,,,,,,,,,,0.96888,,,,,,,,,,,
2018-10-08 17:59:00,,,,,,,,,,,,,,,,0.52951,,,,,,,,,,,
2018-10-08 18:00:00,,,,,,,,,,,,,,,,,,,,,,,,,,,
2018-10-08 18:01:00,,,,,,,,,,,,,,,,,,,,,,,,,,,
2018-10-08 18:02:00,,,,,,,,,,,,,,,,,,,,,,,,,,,
2018-10-08 18:03:00,,,,,,,,,,,,,,,,,,,,,,,,,,,
2018-10-08 18:04:00,,,,,,,,,,,,,,,,,,,,,,,,,,,
2018-10-08 18:05:00,,,,,,,,,,,,,,,,,,,,,,,,,,,
2018-10-08 18:06:00,,,,,,,,,,,,,,,,,,,,,,,,,,,
2018-10-08 18:07:00,,,,,,,,,,,,,,,,,,,,,,,,,,,
2018-10-08 18:08:00,,,,,,,,,,,,,,,,,,,,,,,,,,,
2018-10-08 18:09:00,,,,,,,,,,,,,,,,,,,,,,,,,,,
2018-10-08 18:10:00,,,,,,,,,,,,,,,,,,,,,,,,,,,
2018-10-08 18:11:00,,,,,,,,,,,,,,,,,,,,,,,,,,,
2018-10-08 18:12:00,,,,,,,,,,,,,,,,,,,,,,,,,,,
2018-10-08 18:13:00,,,,,,,,,,,,,,,,,,,,,,,,,,,
2018-10-08 18:14:00,,,,,,,,,,,,,,,,,,,,,,,,,,,
2018-10-08 18:15:00,,,,,,,,,,,,,,,,,,,,,,,,,,,
2018-10-08 18:16:00,,,,,,,,,,,,,,,,,,,,,,,,,,,
2018-10-08 18:17:00,,,,,,,,,,,,,,,,1.12358,,,,,,,,,,,
2018-10-08 18:18:00,,,,,,,,,,,,,,,,2.45506,,,,,,,,,,,
2018-10-08 18:19:00,,,,,,,,,,,,,,,,0.79008,,,,,,,,,,,
2018-10-08 18:20:00,,,,,,,,,,,,,,,,0.71213,,,,,,,,,,,
2018-10-08 18:21:00,,,,,,,,,,,,,,,,,,,,,,,,,,,
2018-10-08 18:22:00,,,,,,,,,,,,,,,,,,,,,,,,,,,
2018-10-08 18:23:00,,,,,,,,,,,,,,,,,,,,,,,,,,,
2018-10-08 18:24:00,,,,,,,,,,,,,,,,,,,,,,,,,,,
2018-10-08 18:25:00,,,,,,,,,,,,,,,,,,,,,,,,,,,
2018-10-08 18:26:00,,,,,,,,,,,,,,,,,,,,,,,,,,,
2018-10-08 18:27:00,,,,,,,,,,,,,,,,,,,,,,,,,,,
2018-10-08 18:28:00,,,,,,,,,,,,,,,,,,,,,,,,,,,
2018-10-08 18:29:00,,,,,,,,,,,,,,,,,,,,,,,,,,,
2018-10-08 18:30:00,,,,,,,,,,,,,,,,,,,,,,,,,,,
2018-10-08 18:31:00,,,,,,,,,,,,,,,,,,,,,,,,,,,
2018-10-08 18:32:00,,,,,,,,,,,,,,,,,,,,,,,,,,,
2018-10-08 18:33:00,,,,,,,,,,,,,,,,,,,,,,,,,,,
2018-10-08 18:34:00,,,,,,,,,,,,,,,,,,,,,,,,,,,
2018-10-08 18:35:00,,,,,,,,,,,,,,,,,,,,,,,,,,,
2018-10-08 18:36:00,,,,,,,,,,,,,,,,,,,,,,,,,,,
2018-10-08 18:37:00,,,,,,,,,,,,,,,,0.01653,,,,,,,,,,,
2018-10-08 18:38:00,,,,,,,,,,,,,,,,,,,,,,,,,,,
2018-10-08 18:39:00,,,,,,,,,,,,,,,,0.1539,,,,,,,,,,,
2018-10-08 18:40:00,,,,,,,,,,,,,,,,,,,,,,,,,,,
2018-10-08 18:41:00,,,,,,,,,,,,,,,,,,,,,,,,,,,
2018-10-08 18:42:00,,,,,,,,,,,,,,,,,,,,,,,,,,,
2018-10-08 18:43:00,,,,,,,,,,,,,,,,,,,,,,,,,,,
2018-10-08 18:44:00,,,,,,,,,,,,,,,,,,,,,,,,,,,
2018-10-08 18:45:00,,,,,,,,,,,,,,,,,,,,,,,,,,,
2018-10-08 18:46:00,,,,,,,,,,,,,,,,,,,,,,,,,,,
2018-10-08 18:47:00,,,,,,,,,,,,,,,,,,,,,,,,,,,
2018-10-08 18:48:00,,,,,,,,,,,,,,,,,,,,,,,,,,,
2018-10-08 18:49:00,,,,,,,,,,,,,,,,,,,,,,,,,,,
2018-10-08 18:50:00,,,,,,,,,,,,,,,,,,,,,,,,,,,
2018-10-08 18:51:00,,,,,,,,,,,,,,,,,,,,,,,,,,,
2018-10-08 18:52:00,,,,,,,,,,,,,,,,,,,,,,,,,,,
2018-10-08 18:53:00,,,,,,,,,,,,,,,,,,,,,,,,,,,
2018-10-08 18:54:00,,,,,,,,,,,,,,,,,,,,,,,,,,,
2018-10-08 18:55:00,,,,,,,,,,,,,,,,,,,,,,,,,,,
2018-10-08 18:56:00,,,,,,,,,,,,,,,,,,,,,,,,,,,
2018-10-08 18:57:00,,,,,,,,,,,,,,,,,,,,,,,,,,,
2018-10-08 18:58:00,,,,,,,,,,,,,,,,,,,,,,,,,,,
2018-10-08 18:59:00,,,,,,,,,,,,,,,,,,,,,,,,,,,
2018-10-08 19:00:00,,,,,,,,,,,,,,,,,,,,,,,,,,,
2018-10-08 19:01:00,,,,,,,,,,,,,,,,,,,,,,,,,,,
2018-10-08 19:02:00,,,,,,,,,,,,,,,,,,,,,,,,,,,
2018-10-08 19:03:00,,,,,,,,,,,,,,,,,,,,,,,,,,,
2018-10-08 19:04:00,,,,,,,,,,,,,,,,,,,,,,,,,,,
2018-10-08 19:05:00,,,,,,,,,,,,,,,,,,,,,,,,,,,
2018-10-08 19:06:00,,,,,,,,,,,,,,,,,,,,,,,,,,,
2018-10-08 19:07:00,,,,,,,,,,,,,,,,,,,,,,,,,,,
2018-10-08 19:08:00,,,,,,,,,,,,,,,,,,,,,,,,,,,
2018-10-08 19:09:00,,,,,,,,,,,,,,,,,,,,,,,,,,,
2018-10-08 19:10:00,,,,,,,,,,,,,,,,,,,,,,,,,,,
2018-10-08 19:11:00,,,,,,,,,,,,,,,,,,,,,,,,,,,
2018-10-08 19:12:00,,,,,,,,,,,,,,,,,,,,,,,,,,,
2018-10-08 19:13:00,,,,,,,,,,,,,,,,,,,,,,,,,,,
2018-10-08 19:14:00,,,,,,,,,,,,,,,,,,,,,,,,,,,
2018-10-08 19:15:00,,,,,,,,,,,,,,,,,,,,,,,,,,,
2018-10-08 19:16:00,,,,,,,,,,,,,,,,,,,,,,,,,,,
2018-10-08 19:17:00,,,,,,,,,,,,,,,,,,,,,,,,,,,
2018-10-08 19:18:00,,,,,,,,,,,,,,,,,,,,,,,,,,,
2018-10-08 19:19:00,,,,,,,,,,,,,,,,,,,,,,,,,,,
2018-10-08 19:20:00,,,,,,,,,,,,,,,,,,,,,,,,,,,
2018-10-08 19:21:00,,,,,,,,,,,,,,,,,,,,,,,,,,,
2018-10-08 19:22:00,,,,,,,,,,,,,,,,,,,,,,,,,,,
2018-10-08 19:23:00,,,,,,,,,,,,,,,,,,,,,,,,,,,
2018-10-08 19:24:00,,,,,,,,,,,,,,,,,,,,,,,,,,,
2018-10-08 19:25:00,,,,,,,,,,,,,,,,,,,,,,,,,,,
2018-10-08 19:26:00,,,,,,,,,,,,,,,,,,,,,,,,,,,
2018-10-08 19:27:00,,,,,,,,,,,,,,,,,,,,,,,,,,,
2018-10-08 19:28:00,,,,,,,,,,,,,,,,,,,,,,,,,,,
2018-10-08 19:29:00,,,,,,,,,,,,,,,,,,,,,,,,,,,
2018-10-08 19:30:00,,,,,,,,,,,,,,,,,,,,,,,,,,,
2018-10-08 19:31:00,,,,,,,,,,,,,,,,,,,,,,,,,,,
2018-10-08 19:32:00,,,,,,,,,,,,,,,,,,,,,,,,,,,
2018-10-08 19:33:00,,,,,,,,,,,,,,,,,,,,,,,,,,,
2018-10-08 19:34:00,,,,,,,,,,,,,,,,,,,,,,,,,,,
2018-10-08 19:35:00,,,,,,,,,,,,,,,,,,,,,,,,,,,
2018-10-08 19:36:00,,,,,,,,,,,,,,,,,,,,,,,,,,,
2018-10-08 19:37:00,,,,,,,,,,,,,,,,,,,,,,,,,,,
2018-10-08 19:38:00,,,,,,,,,,,,,,,,,,,,,,,,,,,
2018-10-08 19:39:00,,,,,,,,,,,,,,,,,,,,,,,,,,,
2018-10-08 19:40:00,,,,,,,,,,,,,,,,,,,,,,,,,,,
2018-10-08 19:41:00,,,,,,,,,,,,,,,,,,,,,,,,,,,
2018-10-08 19:42:00,,,,,,,,,,,,,,,,,,,,,,,,,,,
2018-10-08 19:43:00,,,,,,,,,,,,,,,,,,,,,,,,,,,
2018-10-08 19:44:00,,,,,,,,,,,,,,,,,,,,,,,,,,,
2018-10-08 19:45:00,,,,,,,,,,,,,,,,,,,,,,,,,,,
2018-10-08 19:46:00,,,,,,,,,,,,,,,,,,,,,,,,,,,
2018-10-08 19:47:00,,,,,,,,,,,,,,,,,,,,,,,,,,,
2018-10-08 19:48:00,,,,,,,,,,,,,,,,,,,,,,,,,,,
2018-10-08 19:49:00,,,,,,,,,,,,,,,,,,,,,,,,,,,
2018-10-08 19:50:00,,,,,,,,,,,,,,,,,,,,,,,,,,,
2018-10-08 19:51:00,,,,,,,,,,,,,,,,,,,,,,,,,,,
2018-10-08 19:52:00,,,,,,,,,,,,,,,,,,,,,,,,,,,
2018-10-08 19:53:00,,,,,,,,,,,,,,,,,,,,,,,,,,,
2018-10-08 19:54:00,,,,,,,,,,,,,,,,,,,,,,,,,,,
2018-10-08 19:55:00,,,,,,,,,,,,,,,,,,,,,,,,,,,
2018-10-08 19:56:00,,,,,,,,,,,,,,,,,,,,,,,,,,,
2018-10-08 19:57:00,,,,,,,,,,,,,,,,,,,,,,,,,,,
2018-10-08 19:58:00,,,,,,,,,,,,,,,,,,,,,,,,,,,
2018-10-08 19:59:00,,,,,,,,,,,,,,,,,,,,,,,,,,,
2018-10-08 20:00:00,,,,,,,,,,,,,,,,,,,,,,,,,,,
2018-10-08 20:01:00,,,,,,,,,,,,,,,,,,,,,,,,,,,
2018-10-08 20:02:00,,,,,,,,,,,,,,,,,,,,,,,,,,,
2018-10-08 20:03:00,,,,,,,,,,,,,,,,,,,,,,,,,,,
2018-10-08 20:04:00,,,,,,,,,,,,,,,,,,,,,,,,,,,
2018-10-08 20:05:00,,,,,,,,,,,,,,,,,,,,,,,,,,,
2018-10-08 20:06:00,,,,,,,,,,,,,,,,,,,,,,,,,,,
2018-10-08 20:07:00,,,,,,,,,,,,,,,,,,,,,,,,,,,
2018-10-08 20:08:00,,,,,,,,,,,,,,,,,,,,,,,,,,,
2018-10-08 20:09:00,,,,,,,,,,,,,,,,,,,,,,,,,,,
2018-10-08 20:10:00,,,,,,,,,,,,,,,,,,,,,,,,,,,
2018-10-08 20:11:00,,,,,,,,,,,,,,,,,,,,,,,,,,,
2018-10-08 20:12:00,,,,,,,,,,,,,,,,,,,,,,,,,,,
2018-10-08 20:13:00,,,,,,,,,,,,,,,,,,,,,,,,,,,
2018-10-08 20:14:00,,,,,,,,,,,,,,,,,,,,,,,,,,,
2018-10-08 20:15:00,,,,,,,,,,,,,,,,,,,,,,,,,,,
2018-10-08 20:16:00,,,,,,,,,,,,,,,,,,,,,,,,,,,
2018-10-08 20:17:00,,,,,,,,,,,,,,,,,,,,,,,,,,,
2018-10-08 20:18:00,,,,,,,,,,,,,,,,,,,,,,,,,,,
2018-10-08 20:19:00,,,,,,,,,,,,,,,,,,,,,,,,,,,
2018-10-08 20:20:00,,,,,,,,,,,,,,,,,,,,,,,,,,,
2018-10-08 20:21:00,,,,,,,,,,,,,,,,,,,,,,,,,,,
2018-10-08 20:22:00,,,,,,,,,,,,,,,,,,,,,,,,,,,
2018-10-08 20:23:00,,,,,,,,,,,,,,,,,,,,,,,,,,,
2018-10-08 20:24:00,,,,,,,,,,,,,,,,,,,,,,,,,,,
2018-10-08 20:25:00,,,,,,,,,,,,,,,,,,,,,,,,,,,
2018-10-08 20:26:00,,,,,,,,,,,,,,,,,,,,,,,,,,,
2018-10-08 20:27:00,,,,,,,,,,,,,,,,,,,,,,,,,,,
2018-10-08 20:28:00,,,,,,,,,,,,,,,,,,,,,,,,,,,
2018-10-08 20:29:00,,,,,,,,,,,,,,,,,,,,,,,,,,,
2018-10-08 20:30:00,,,,,,,,,,,,,,,,,,,,,,,,,,,
2018-10-08 20:31:00,,,,,,,,,,,,,,,,,,,,,,,,,,,
2018-10-08 20:32:00,,,,,,,,,,,,,,,,,,,,,,,,,,,
2018-10-08 20:33:00,,,,,,,,,,,,,,,,,,,,,,,,,,,
2018-10-08 20:34:00,,,,,,,,,,,,,,,,,,,,,,,,,,,
2018-10-08 20:35:00,,,,,,,,,,,,,,,,,,,,,,,,,,,
2018-10-08 20:36:00,,,,,,,,,,,,,,,,,,,,,,,,,,,
2018-10-08 20:37:00,,,,,,,,,,,,,,,,,,,,,,,,,,,
2018-10-08 20:38:00,,,,,,,,,,,,,,,,,,,,,,,,,,,
2018-10-08 20:39:00,,,,,,,,,,,,,,,,,,,,,,,,,,,
2018-10-08 20:40:00,,,,,,,,,,,,,,,,,,,,,,,,,,,
2018-10-08 20:41:00,,,,,,,,,,,,,,,,,,,,,,,,,,,
2018-10-08 20:42:00,,,,,,,,,,,,,,,,,,,,,,,,,,,
2018-10-08 20:43:00,,,,,,,,,,,,,,,,,,,,,,,,,,,
2018-10-08 20:44:00,,,,,,,,,,,,,,,,,,,,,,,,,,,
2018-10-08 20:45:00,,,,,,,,,,,,,,,,,,,,,,,,,,,
2018-10-08 20:46:00,,,,,,,,,,,,,,,,,,,,,,,,,,,
2018-10-08 20:47:00,,,,,,,,,,,,,,,,,,,,,,,,,,,
2018-10-08 20:48:00,,,,,,,,,,,,,,,,,,,,,,,,,,,
2018-10-08 20:49:00,,,,,,,,,,,,,,,,,,,,,,,,,,,
2018-10-08 20:50:00,,,,,,,,,,,,,,,,,,,,,,,,,,,
2018-10-08 20:51:00,,,,,,,,,,,,,,,,,,,,,,,,,,,
2018-10-08 20:52:00,,,,,,,,,,,,,,,,,,,,,,,,,,,
2018-10-08 20:53:00,,,,,,,,,,,,,,,,,,,,,,,,,,,
2018-10-08 20:54:00,,,,,,,,,,,,,,,,,,,,,,,,,,,
2018-10-08 20:55:00,,,,,,,,,,,,,,,,,,,,,,,,,,,
2018-10-08 20:56:00,,,,,,,,,,,,,,,,,,,,,,,,,,,
2018-10-08 20:57:00,,,,,,,,,,,,,,,,,,,,,,,,,,,
2018-10-08 20:58:00,,,,,,,,,,,,,,,,,,,,,,,,,,,
2018-10-08 20:59:00,,,,,,,,,,,,,,,,,,,,,,,,,,,
2018-10-08 21:00:00,,,,,,,,,,,,,,,,,,,,,,,,,,,
2018-10-08 21:01:00,,,,,,,,,,,,,,,,,,,,,,,,,,,
2018-10-08 21:02:00,,,,,,,,,,,,,,,,,,,,,,,,,,,
2018-10-08 21:03:00,,,,,,,,,,,,,,,,,,,,,,,,,,,
2018-10-08 21:04:00,,,,,,,,,,,,,,,,,,,,,,,,,,,
2018-10-08 21:05:00,,,,,,,,,,,,,,,,,,,,,,,,,,,
2018-10-08 21:06:00,,,,,,,,,,,,,,,,,,,,,,,,,,,
2018-10-08 21:07:00,,,,,,,,,,,,,,,,,,,,,,,,,,,
2018-10-08 21:08:00,,,,,,,,,,,,,,,,,,,,,,,,,,,
2018-10-08 21:09:00,,,,,,,,,,,,,,,,,,,,,,,,,,,
2018-10-08 21:10:00,,,,,,,,,,,,,,,,,,,,,,,,,,,
2018-10-08 21:11:00,,,,,,,,,,,,,,,,,,,,,,,,,,,
2018-10-08 21:12:00,,,,,,,,,,,,,,,,,,,,,,,,,,,
2018-10-08 21:13:00,,,,,,,,,,,,,,,,,,,,,,,,,,,
2018-10-08 21:14:00,,,,,,,,,,,,,,,,,,,,,,,,,,,
2018-10-08 21:15:00,,,,,,,,,,,,,,,,,,,,,,,,,,,
2018-10-08 21:16:00,,,,,,,,,,,,,,,,,,,,,,,,,,,
2018-10-08 21:17:00,,,,,,,,,,,,,,,,,,,,,,,,,,,
2018-10-08 21:18:00,,,,,,,,,,,,,,,,,,,,,,,,,,,
2018-10-08 21:19:00,,,,,,,,,,,,,,,,,,,,,,,,,,,
2018-10-08 21:20:00,,,,,,,,,,,,,,,,,,,,,,,,,,,
2018-10-08 21:21:00,,,,,,,,,,,,,,,,,,,,,,,,,,,
2018-10-08 21:22:00,,,,,,,,,,,,,,,,,,,,,,,,,,,
2018-10-08 21:23:00,,,,,,,,,,,,,,,,,,,,,,,,,,,
2018-10-08 21:24:00,,,,,,,,,,,,,,,,,,,,,,,,,,,
2018-10-08 21:25:00,,,,,,,,,,,,,,,,,,,,,,,,,,,
2018-10-08 21:26:00,,,,,,,,,,,,,,,,,,,,,,,,,,,
2018-10-08 21:27:00,,,,,,,,,,,,,,,,,,,,,,,,,,,
2018-10-08 21:28:00,,,,,,,,,,,,,,,,,,,,,,,,,,,
2018-10-08 21:29:00,,,,,,,,,,,,,,,,,,,,,,,,,,,
2018-10-08 21:30:00,,,,,,,,,,,,,,,,,,,,,,,,,,,
2018-10-08 21:31:00,,,,,,,,,,,,,,,,,,,,,,,,,,,
2018-10-08 21:32:00,,,,,,,,,,,,,,,,,,,,,,,,,,,
2018-10-08 21:33:00,,,,,,,,,,,,,,,,,,,,,,,,,,,
2018-10-08 21:34:00,,,,,,,,,,,,,,,,,,,,,,,,,,,
2018-10-08 21:35:00,,,,,,,,,,,,,,,,,,,,,,,,,,,
2018-10-08 21:36:00,,,,,,,,,,,,,,,,,,,,,,,,,,,
2018-10-08 21:37:00,,,,,,,,,,,,,,,,,,,,,,,,,,,
2018-10-08 21:38:00,,,,,,,,,,,,,,,,,,,,,,,,,,,
2018-10-08 21:39:00,,,,,,,,,,,,,,,,,,,,,,,,,,,
2018-10-08 21:40:00,,,,,,,,,,,,,,,,,,,,,,,,,,,
2018-10-08 21:41:00,,,,,,,,,,,,,,,,,,,,,,,,,,,
2018-10-08 21:42:00,,,,,,,,,,,,,,,,,,,,,,,,,,,
2018-10-08 21:43:00,,,,,,,,,,,,,,,,,,,,,,,,,,,
2018-10-08 21:44:00,,,,,,,,,,,,,,,,,,,,,,,,,,,
2018-10-08 21:45:00,,,,,,,,,,,,,,,,,,,,,,,,,,,
2018-10-08 21:46:00,,,,,,,,,,,,,,,,,,,,,,,,,,,
2018-10-08 21:47:00,,,,,,,,,,,,,,,,,,,,,,,,,,,
2018-10-08 21:48:00,,,,,,,,,,,,,,,,,,,,,,,,,,,
2018-10-08 21:49:00,,,,,,,,,,,,,,,,,,,,,,,,,,,
2018-10-08 21:50:00,,,,,,,,,,,,,,,,,,,,,,,,,,,
2018-10-08 21:51:00,,,,,,,,,,,,,,,,,,,,,,,,,,,
2018-10-08 21:52:00,,,,,,,,,,,,,,,,,,,,,,,,,,,
2018-10-08 21:53:00,,,,,,,,,,,,,,,,,,,,,,,,,,,
2018-10-08 21:54:00,,,,,,,,,,,,,,,,,,,,,,,,,,,
2018-10-08 21:55:00,,,,,,,,,,,,,,,,,,,,,,,,,,,
2018-10-08 21:56:00,,,,,,,,,,,,,,,,,,,,,,,,,,,
2018-10-08 21:57:00,,,,,,,,,,,,,,,,,,,,,,,,,,,
2018-10-08 21:58:00,,,,,,,,,,,,,,,,,,,,,,,,,,,
2018-10-08 21:59:00,,,,,,,,,,,,,,,,,,,,,,,,,,,
2018-10-08 22:00:00,,,,,,,,,,,,,,,,,,,,,,,,,,,
2018-10-08 22:01:00,,,,,,,,,,,,,,,,,,,,,,,,,,,
2018-10-08 22:02:00,,,,,,,,,,,,,,,,,,,,,,,,,,,
2018-10-08 22:03:00,,,,,,,,,,,,,,,,,,,,,,,,,,,
2018-10-08 22:04:00,,,,,,,,,,,,,,,,,,,,,,,,,,,
2018-10-08 22:05:00,,,,,,,,,,,,,,,,,,,,,,,,,,,
2018-10-08 22:06:00,,,,,,,,,,,,,,,,,,,,,,,,,,,
2018-10-08 22:07:00,,,,,,,,,,,,,,,,,,,,,,,,,,,
2018-10-08 22:08:00,,,,,,,,,,,,,,,,,,,,,,,,,,,
2018-10-08 22:09:00,,,,,,,,,,,,,,,,,,,,,,,,,,,
2018-10-08 22:10:00,,,,,,,,,,,,,,,,,,,,,,,,,,,
2018-10-08 22:11:00,,,,,,,,,,,,,,,,,,,,,,,,,,,
2018-10-08 22:12:00,,,,,,,,,,,,,,,,,,,,,,,,,,,
2018-10-08 22:13:00,,,,,,,,,,,,,,,,,,,,,,,,,,,
2018-10-08 22:14:00,,,,,,,,,,,,,,,,,,,,,,,,,,,
2018-10-08 22:15:00,,,,,,,,,,,,,,,,,,,,,,,,,,,
2018-10-08 22:16:00,,,,,,,,,,,,,,,,,,,,,,,,,,,
2018-10-08 22:17:00,,,,,,,,,,,,,,,,,,,,,,,,,,,
2018-10-08 22:18:00,,,,,,,,,,,,,,,,,,,,,,,,,,,
2018-10-08 22:19:00,,,,,,,,,,,,,,,,,,,,,,,,,,,
2018-10-08 22:20:00,,,,,,,,,,,,,,,,,,,,,,,,,,,
2018-10-08 22:21:00,,,,,,,,,,,,,,,,,,,,,,,,,,,
2018-10-08 22:22:00,,,,,,,,,,,,,,,,,,,,,,,,,,,
2018-10-08 22:23:00,,,,,,,,,,,,,,,,,,,,,,,,,,,
2018-10-08 22:24:00,,,,,,,,,,,,,,,,,,,,,,,,,,,
2018-10-08 22:25:00,,,,,,,,,,,,,,,,,,,,,,,,,,,
2018-10-08 22:26:00,,,,,,,,,,,,,,,,,,,,,,,,,,,
2018-10-08 22:27:00,,,,,,,,,,,,,,,,,,,,,,,,,,,
2018-10-08 22:28:00,,,,,,,,,,,,,,,,,,,,,,,,,,,
2018-10-08 22:29:00,,,,,,,,,,,,,,,,,,,,,,,,,,,
2018-10-08 22:30:00,,,,,,,,,,,,,,,,,,,,,,,,,,,
2018-10-08 22:31:00,,,,,,,,,,,,,,,,,,,,,,,,,,,
2018-10-08 22:32:00,,,,,,,,,,,,,,,,,,,,,,,,,,,
2018-10-08 22:33:00,,,,,,,,,,,,,,,,,,,,,,,,,,,
2018-10-08 22:34:00,,,,,,,,,,,,,,,,,,,,,,,,,,,
2018-10-08 22:35:00,,,,,,,,,,,,,,,,,,,,,,,,,,,
2018-10-08 22:36:00,,,,,,,,,,,,,,,,,,,,,,,,,,,
2018-10-08 22:37:00,,,,,,,,,,,,,,,,,,,,,,,,,,,
2018-10-08 22:38:00,,,,,,,,,,,,,,,,,,,,,,,,,,,
2018-10-08 22:39:00,,,,,,,,,,,,,,,,,,,,,,,,,,,
2018-10-08 22:40:00,,,,,,,,,,,,,,,,,,,,,,,,,,,
2018-10-08 22:41:00,,,,,,,,,,,,,,,,,,,,,,,,,,,
2018-10-08 22:42:00,,,,,,,,,,,,,,,,,,,,,,,,,,,
2018-10-08 22:43:00,,,,,,,,,,,,,,,,,,,,,,,,,,,
2018-10-08 22:44:00,,,,,,,,,,,,,,,,,,,,,,,,,,,
2018-10-08 22:45:00,,,,,,,,,,,,,,,,,,,,,,,,,,,
2018-10-08 22:46:00,,,,,,,,,,,,,,,,,,,,,,,,,,,
2018-10-08 22:47:00,,,,,,,,,,,,,,,,,,,,,,,,,,,
2018-10-08 22:48:00,,,,,,,,,,,,,,,,,,,,,,,,,,,
2018-10-08 22:49:00,,,,,,,,,,,,,,,,,,,,,,,,,,,
2018-10-08 22:50:00,,,,,,,,,,,,,,,,,,,,,,,,,,,
2018-10-08 22:51:00,,,,,,,,,,,,,,,,,,,,,,,,,,,
2018-10-08 22:52:00,,,,,,,,,,,,,,,,,,,,,,,,,,,
2018-10-08 22:53:00,,,,,,,,,,,,,,,,,,,,,,,,,,,
2018-10-08 22:54:00,,,,,,,,,,,,,,,,,,,,,,,,,,,
2018-10-08 22:55:00,,,,,,,,,,,,,,,,,,,,,,,,,,,
2018-10-08 22:56:00,,,,,,,,,,,,,,,,,,,,,,,,,,,
2018-10-08 22:57:00,,,,,,,,,,,,,,,,,,,,,,,,,,,
2018-10-08 22:58:00,,,,,,,,,,,,,,,,,,,,,,,,,,,
2018-10-08 22:59:00,,,,,,,,,,,,,,,,,,,,,,,,,,,
2018-10-08 23:00:00,,,,,,,,,,,,,,,,,,,,,,,,,,,
2018-10-08 23:01:00,,,,,,,,,,,,,,,,,,,,,,,,,,,
2018-10-08 23:02:00,,,,,,,,,,,,,,,,,,,,,,,,,,,
2018-10-08 23:03:00,,,,,,,,,,,,,,,,,,,,,,,,,,,
2018-10-08 23:04:00,,,,,,,,,,,,,,,,,,,,,,,,,,,
2018-10-08 23:05:00,,,,,,,,,,,,,,,,,,,,,,,,,,,
2018-10-08 23:06:00,,,,,,,,,,,,,,,,,,,,,,,,,,,
2018-10-08 23:07:00,,,,,,,,,,,,,,,,,,,,,,,,,,,
2018-10-08 23:08:00,,,,,,,,,,,,,,,,,,,,,,,,,,,
2018-10-08 23:09:00,,,,,,,,,,,,,,,,,,,,,,,,,,,
2018-10-08 23:10:00,,,,,,,,,,,,,,,,,,,,,,,,,,,
2018-10-08 23:11:00,,,,,,,,,,,,,,,,,,,,,,,,,,,
2018-10-08 23:12:00,,,,,,,,,,,,,,,,,,,,,,,,,,,
2018-10-08 23:13:00,,,,,,,,,,,,,,,,,,,,,,,,,,,
2018-10-08 23:14:00,,,,,,,,,,,,,,,,,,,,,,,,,,,
2018-10-08 23:15:00,,,,,,,,,,,,,,,,,,,,,,,,,,,
2018-10-08 23:16:00,,,,,,,,,,,,,,,,,,,,,,,,,,,
2018-10-08 23:17:00,,,,,,,,,,,,,,,,,,,,,,,,,,,
2018-10-08 23:18:00,,,,,,,,,,,,,,,,,,,,,,,,,,,
2018-10-08 23:19:00,,,,,,,,,,,,,,,,,,,,,,,,,,,
2018-10-08 23:20:00,,,,,,,,,,,,,,,,,,,,,,,,,,,
2018-10-08 23:21:00,,,,,,,,,,,,,,,,,,,,,,,,,,,
2018-10-08 23:22:00,,,,,,,,,,,,,,,,,,,,,,,,,,,
2018-10-08 23:23:00,,,,,,,,,,,,,,,,,,,,,,,,,,,
2018-10-08 23:24:00,,,,,,,,,,,,,,,,,,,,,,,,,,,
2018-10-08 23:25:00,,,,,,,,,,,,,,,,,,,,,,,,,,,
2018-10-08 23:26:00,,,,,,,,,,,,,,,,,,,,,,,,,,,
2018-10-08 23:27:00,,,,,,,,,,,,,,,,,,,,,,,,,,,
2018-10-08 23:28:00,,,,,,,,,,,,,,,,,,,,,,,,,,,
2018-10-08 23:29:00,,,,,,,,,,,,,,,,,,,,,,,,,,,
2018-10-08 23:30:00,,,,,,,,,,,,,,,,,,,,,,,,,,,
2018-10-08 23:31:00,,,,,,,,,,,,,,,,,,,,,,,,,,,
2018-10-08 23:32:00,,,,,,,,,,,,,,,,,,,,,,,,,,,
2018-10-08 23:33:00,,,,,,,,,,,,,,,,,,,,,,,,,,,
2018-10-08 23:34:00,,,,,,,,,,,,,,,,,,,,,,,0.09959,,,,
2018-10-08 23:35:00,,,,,,,,,,,,,,,,,,,,,,,,,,,
2018-10-08 23:36:00,,,,,,,,,,,,,,,,,,,,,,,,,,,
2018-10-08 23:37:00,,,,,,,,,,,,,,,,,,,,,,,,,,,
2018-10-08 23:38:00,,,,,,,,,,,,,,,,,,,,,,,,,,,
2018-10-08 23:39:00,,,,,,,,,,,,,,,,,,,,,,,,,,,
2018-10-08 23:40:00,,,,,,,,,,,,,,,,,,,,,,,,,,,
2018-10-08 23:41:00,,,,,,,,,,,,,,,,,,,,,,,,,,,
2018-10-08 23:42:00,,,,,,,,,,,,,,,,,,,,,,,,,,,
2018-10-08 23:43:00,,,,,,,,,,,,,,,,,,,,,,,,,,,
2018-10-08 23:44:00,,,,,,,,,,,,,,,,,,,,,,,,,,,
2018-10-08 23:45:00,,,,,,,,,,,,,,,,,,,,,,,,,,,
2018-10-08 23:46:00,,,,,,,,,,,,,,,,,,,,,,,,,,,
2018-10-08 23:47:00,,,,,,,,,,,,,,,,,,,,,,,,,,,
2018-10-08 23:48:00,,,,,,,,,,,,,,,,,,,,,,,,,,,
2018-10-08 23:49:00,,,,,,,,,,,,,,,,,,,,,,,,,,,
2018-10-08 23:50:00,,,,,,,,,,,,,,,,,,,,,,,,,,,
2018-10-08 23:51:00,,,,,,,,,,,,,,,,,,,,,,,,,,,
2018-10-08 23:52:00,,,,,,,,,,,,,,,,,,,,,,,,,,,
2018-10-08 23:53:00,,,,,,,,,,,,,,,,,,,,,,,,,,,
2018-10-08 23:54:00,,,,,,,,,,,,,,,,,,,,,,,,,,,
2018-10-08 23:55:00,,,,,,,,,,,,,,,,,,,,,,,,,,,
2018-10-08 23:56:00,,,,,,,,,,,,,,,,,,,,,,,,,,,
2018-10-08 23:57:00,,,,,,,,,,,,,,,,,,,,,,,,,,,
2018-10-08 23:58:00,,,,,,,,,,,,,,,,,,,,,,,,,,,
2018-10-08 23:59:00,,,,,,,,,,,,,,,,,,,,,,,,,,,
